K,rho,t_check,L_acum,W_acum
0,0.25,91.08,0.000000,0.000000
0,0.25,193.76,0.000000,0.000000
0,0.25,291.10,0.000000,0.000000
0,0.25,395.61,0.000000,0.000000
0,0.25,493.43,0.000000,0.000000
0,0.25,595.36,0.000000,0.000000
0,0.25,691.16,0.000000,0.000000
0,0.25,792.22,0.000000,0.000000
0,0.25,897.07,0.000000,0.000000
0,0.25,995.50,0.000000,0.000000
0,0.25,1091.61,0.000000,0.000000
0,0.25,1194.82,0.000000,0.000000
0,0.25,1294.11,0.000000,0.000000
0,0.25,1395.65,0.000000,0.000000
0,0.25,1495.21,0.000000,0.000000
0,0.25,1592.87,0.000000,0.000000
0,0.25,1692.50,0.000000,0.000000
0,0.25,1793.38,0.000000,0.000000
0,0.25,1895.99,0.000000,0.000000
0,0.25,1997.07,0.000000,0.000000
0,0.25,2093.32,0.000000,0.000000
0,0.25,2195.64,0.000000,0.000000
0,0.25,2291.17,0.000000,0.000000
0,0.25,2394.17,0.000000,0.000000
0,0.25,2491.87,0.000000,0.000000
0,0.25,2595.09,0.000000,0.000000
0,0.25,2692.75,0.000000,0.000000
0,0.25,2791.12,0.000000,0.000000
0,0.25,2894.53,0.000000,0.000000
0,0.25,2994.98,0.000000,0.000000
0,0.25,3093.48,0.000000,0.000000
0,0.25,3191.74,0.000000,0.000000
0,0.25,3292.11,0.000000,0.000000
0,0.25,3403.72,0.000000,0.000000
0,0.25,3500.18,0.000000,0.000000
0,0.25,3594.41,0.000000,0.000000
0,0.25,3701.81,0.000000,0.000000
0,0.25,3800.26,0.000000,0.000000
0,0.25,3897.92,0.000000,0.000000
0,0.25,3998.41,0.000000,0.000000
0,0.25,4092.97,0.000000,0.000000
0,0.25,4191.04,0.000000,0.000000
0,0.25,4292.11,0.000000,0.000000
0,0.25,4394.43,0.000000,0.000000
0,0.25,4497.92,0.000000,0.000000
0,0.25,4592.88,0.000000,0.000000
0,0.25,4691.95,0.000000,0.000000
0,0.25,4794.21,0.000000,0.000000
0,0.25,4899.02,0.000000,0.000000
0,0.25,4993.46,0.000000,0.000000
0,0.25,5091.80,0.000000,0.000000
0,0.25,5193.08,0.000000,0.000000
0,0.25,5299.76,0.000000,0.000000
0,0.25,5394.84,0.000000,0.000000
0,0.25,5494.52,0.000000,0.000000
0,0.25,5596.47,0.000000,0.000000
0,0.25,5692.35,0.000000,0.000000
0,0.25,5791.17,0.000000,0.000000
0,0.25,5891.35,0.000000,0.000000
0,0.25,6001.56,0.000000,0.000000
0,0.25,6091.26,0.000000,0.000000
0,0.25,6197.74,0.000000,0.000000
0,0.25,6294.54,0.000000,0.000000
0,0.25,6391.44,0.000000,0.000000
0,0.25,6491.28,0.000000,0.000000
0,0.25,6597.64,0.000000,0.000000
0,0.25,6693.55,0.000000,0.000000
0,0.25,6791.72,0.000000,0.000000
0,0.25,6891.26,0.000000,0.000000
0,0.25,6995.29,0.000000,0.000000
0,0.25,7099.28,0.000000,0.000000
0,0.25,7193.51,0.000000,0.000000
0,0.25,7290.89,0.000000,0.000000
0,0.25,7393.89,0.000000,0.000000
0,0.25,7499.50,0.000000,0.000000
0,0.25,7596.15,0.000000,0.000000
0,0.25,7691.22,0.000000,0.000000
0,0.25,7797.65,0.000000,0.000000
0,0.25,7899.47,0.000000,0.000000
0,0.25,7990.86,0.000000,0.000000
0,0.25,8094.30,0.000000,0.000000
0,0.25,8199.84,0.000000,0.000000
0,0.25,8305.40,0.000000,0.000000
0,0.25,8399.36,0.000000,0.000000
0,0.25,8506.32,0.000000,0.000000
0,0.25,8596.81,0.000000,0.000000
0,0.25,8692.82,0.000000,0.000000
0,0.25,8804.55,0.000000,0.000000
0,0.25,8892.96,0.000000,0.000000
0,0.25,8992.61,0.000000,0.000000
0,0.50,99.66,0.000000,0.000000
0,0.50,200.07,0.000000,0.000000
0,0.50,298.68,0.000000,0.000000
0,0.50,398.94,0.000000,0.000000
0,0.50,500.79,0.000000,0.000000
0,0.50,600.07,0.000000,0.000000
0,0.50,699.33,0.000000,0.000000
0,0.50,799.80,0.000000,0.000000
0,0.50,897.81,0.000000,0.000000
0,0.50,999.74,0.000000,0.000000
0,0.50,1098.12,0.000000,0.000000
0,0.50,1204.11,0.000000,0.000000
0,0.50,1299.45,0.000000,0.000000
0,0.50,1402.38,0.000000,0.000000
0,0.50,1501.45,0.000000,0.000000
0,0.50,1597.77,0.000000,0.000000
0,0.50,1699.46,0.000000,0.000000
0,0.50,1798.69,0.000000,0.000000
0,0.50,1899.35,0.000000,0.000000
0,0.50,1998.98,0.000000,0.000000
0,0.50,2098.79,0.000000,0.000000
0,0.50,2199.67,0.000000,0.000000
0,0.50,2300.48,0.000000,0.000000
0,0.50,2397.84,0.000000,0.000000
0,0.50,2503.03,0.000000,0.000000
0,0.50,2601.12,0.000000,0.000000
0,0.50,2697.97,0.000000,0.000000
0,0.50,2801.07,0.000000,0.000000
0,0.50,2898.11,0.000000,0.000000
0,0.50,2999.89,0.000000,0.000000
0,0.50,3099.01,0.000000,0.000000
0,0.50,3199.20,0.000000,0.000000
0,0.50,3300.32,0.000000,0.000000
0,0.50,3401.08,0.000000,0.000000
0,0.50,3497.68,0.000000,0.000000
0,0.50,3602.17,0.000000,0.000000
0,0.50,3701.93,0.000000,0.000000
0,0.50,3800.65,0.000000,0.000000
0,0.50,3904.53,0.000000,0.000000
0,0.50,3998.55,0.000000,0.000000
0,0.50,4098.48,0.000000,0.000000
0,0.50,4201.43,0.000000,0.000000
0,0.50,4299.44,0.000000,0.000000
0,0.50,4400.53,0.000000,0.000000
0,0.50,4499.03,0.000000,0.000000
0,0.50,4597.68,0.000000,0.000000
0,0.50,4698.31,0.000000,0.000000
0,0.50,4797.78,0.000000,0.000000
0,0.50,4898.08,0.000000,0.000000
0,0.50,4999.43,0.000000,0.000000
0,0.50,5099.83,0.000000,0.000000
0,0.50,5198.45,0.000000,0.000000
0,0.50,5301.16,0.000000,0.000000
0,0.50,5406.20,0.000000,0.000000
0,0.50,5503.35,0.000000,0.000000
0,0.50,5600.04,0.000000,0.000000
0,0.50,5699.05,0.000000,0.000000
0,0.50,5799.56,0.000000,0.000000
0,0.50,5899.78,0.000000,0.000000
0,0.50,5999.46,0.000000,0.000000
0,0.50,6098.48,0.000000,0.000000
0,0.50,6199.37,0.000000,0.000000
0,0.50,6300.32,0.000000,0.000000
0,0.50,6398.23,0.000000,0.000000
0,0.50,6502.19,0.000000,0.000000
0,0.50,6600.58,0.000000,0.000000
0,0.50,6701.54,0.000000,0.000000
0,0.50,6805.78,0.000000,0.000000
0,0.50,6900.69,0.000000,0.000000
0,0.50,6999.51,0.000000,0.000000
0,0.50,7098.67,0.000000,0.000000
0,0.50,7199.53,0.000000,0.000000
0,0.50,7301.70,0.000000,0.000000
0,0.50,7398.22,0.000000,0.000000
0,0.50,7498.06,0.000000,0.000000
0,0.50,7600.07,0.000000,0.000000
0,0.50,7698.46,0.000000,0.000000
0,0.50,7799.31,0.000000,0.000000
0,0.50,7899.35,0.000000,0.000000
0,0.50,7998.36,0.000000,0.000000
0,0.50,8099.22,0.000000,0.000000
0,0.50,8199.53,0.000000,0.000000
0,0.50,8298.17,0.000000,0.000000
0,0.50,8397.76,0.000000,0.000000
0,0.50,8497.70,0.000000,0.000000
0,0.50,8607.04,0.000000,0.000000
0,0.50,8703.97,0.000000,0.000000
0,0.50,8800.84,0.000000,0.000000
0,0.50,8898.32,0.000000,0.000000
0,0.50,8998.51,0.000000,0.000000
0,0.75,98.03,0.000000,0.000000
0,0.75,199.34,0.000000,0.000000
0,0.75,299.15,0.000000,0.000000
0,0.75,398.22,0.000000,0.000000
0,0.75,501.04,0.000000,0.000000
0,0.75,601.06,0.000000,0.000000
0,0.75,698.63,0.000000,0.000000
0,0.75,799.12,0.000000,0.000000
0,0.75,898.29,0.000000,0.000000
0,0.75,998.79,0.000000,0.000000
0,0.75,1100.90,0.000000,0.000000
0,0.75,1199.80,0.000000,0.000000
0,0.75,1298.09,0.000000,0.000000
0,0.75,1400.22,0.000000,0.000000
0,0.75,1498.07,0.000000,0.000000
0,0.75,1598.22,0.000000,0.000000
0,0.75,1700.74,0.000000,0.000000
0,0.75,1798.94,0.000000,0.000000
0,0.75,1898.05,0.000000,0.000000
0,0.75,1997.93,0.000000,0.000000
0,0.75,2102.78,0.000000,0.000000
0,0.75,2199.91,0.000000,0.000000
0,0.75,2298.63,0.000000,0.000000
0,0.75,2398.46,0.000000,0.000000
0,0.75,2498.58,0.000000,0.000000
0,0.75,2599.83,0.000000,0.000000
0,0.75,2698.07,0.000000,0.000000
0,0.75,2798.35,0.000000,0.000000
0,0.75,2899.26,0.000000,0.000000
0,0.75,2999.10,0.000000,0.000000
0,0.75,3099.91,0.000000,0.000000
0,0.75,3200.25,0.000000,0.000000
0,0.75,3297.99,0.000000,0.000000
0,0.75,3399.50,0.000000,0.000000
0,0.75,3502.12,0.000000,0.000000
0,0.75,3599.33,0.000000,0.000000
0,0.75,3699.20,0.000000,0.000000
0,0.75,3799.06,0.000000,0.000000
0,0.75,3898.13,0.000000,0.000000
0,0.75,4000.94,0.000000,0.000000
0,0.75,4105.27,0.000000,0.000000
0,0.75,4203.33,0.000000,0.000000
0,0.75,4298.18,0.000000,0.000000
0,0.75,4398.59,0.000000,0.000000
0,0.75,4499.59,0.000000,0.000000
0,0.75,4598.29,0.000000,0.000000
0,0.75,4700.33,0.000000,0.000000
0,0.75,4798.45,0.000000,0.000000
0,0.75,4898.05,0.000000,0.000000
0,0.75,4998.38,0.000000,0.000000
0,0.75,5098.45,0.000000,0.000000
0,0.75,5198.26,0.000000,0.000000
0,0.75,5298.89,0.000000,0.000000
0,0.75,5404.17,0.000000,0.000000
0,0.75,5498.91,0.000000,0.000000
0,0.75,5598.36,0.000000,0.000000
0,0.75,5698.08,0.000000,0.000000
0,0.75,5798.01,0.000000,0.000000
0,0.75,5898.75,0.000000,0.000000
0,0.75,5998.62,0.000000,0.000000
0,0.75,6098.43,0.000000,0.000000
0,0.75,6198.20,0.000000,0.000000
0,0.75,6300.25,0.000000,0.000000
0,0.75,6398.02,0.000000,0.000000
0,0.75,6498.25,0.000000,0.000000
0,0.75,6598.68,0.000000,0.000000
0,0.75,6699.19,0.000000,0.000000
0,0.75,6798.52,0.000000,0.000000
0,0.75,6898.18,0.000000,0.000000
0,0.75,6997.92,0.000000,0.000000
0,0.75,7097.95,0.000000,0.000000
0,0.75,7198.00,0.000000,0.000000
0,0.75,7298.05,0.000000,0.000000
0,0.75,7399.45,0.000000,0.000000
0,0.75,7499.51,0.000000,0.000000
0,0.75,7600.97,0.000000,0.000000
0,0.75,7698.86,0.000000,0.000000
0,0.75,7798.95,0.000000,0.000000
0,0.75,7899.65,0.000000,0.000000
0,0.75,7998.20,0.000000,0.000000
0,0.75,8102.37,0.000000,0.000000
0,0.75,8197.97,0.000000,0.000000
0,0.75,8298.69,0.000000,0.000000
0,0.75,8399.38,0.000000,0.000000
0,0.75,8498.53,0.000000,0.000000
0,0.75,8598.60,0.000000,0.000000
0,0.75,8699.87,0.000000,0.000000
0,0.75,8800.10,0.000000,0.000000
0,0.75,8898.51,0.000000,0.000000
0,0.75,8999.56,0.000000,0.000000
0,1.00,102.19,0.000000,0.000000
0,1.00,201.32,0.000000,0.000000
0,1.00,299.02,0.000000,0.000000
0,1.00,399.48,0.000000,0.000000
0,1.00,499.62,0.000000,0.000000
0,1.00,599.97,0.000000,0.000000
0,1.00,699.05,0.000000,0.000000
0,1.00,800.69,0.000000,0.000000
0,1.00,900.67,0.000000,0.000000
0,1.00,1000.08,0.000000,0.000000
0,1.00,1099.73,0.000000,0.000000
0,1.00,1200.67,0.000000,0.000000
0,1.00,1301.22,0.000000,0.000000
0,1.00,1400.46,0.000000,0.000000
0,1.00,1499.41,0.000000,0.000000
0,1.00,1600.84,0.000000,0.000000
0,1.00,1700.40,0.000000,0.000000
0,1.00,1798.97,0.000000,0.000000
0,1.00,1899.02,0.000000,0.000000
0,1.00,1999.85,0.000000,0.000000
0,1.00,2099.36,0.000000,0.000000
0,1.00,2203.23,0.000000,0.000000
0,1.00,2300.15,0.000000,0.000000
0,1.00,2399.91,0.000000,0.000000
0,1.00,2499.86,0.000000,0.000000
0,1.00,2599.82,0.000000,0.000000
0,1.00,2699.25,0.000000,0.000000
0,1.00,2800.42,0.000000,0.000000
0,1.00,2903.02,0.000000,0.000000
0,1.00,2999.89,0.000000,0.000000
0,1.00,3099.89,0.000000,0.000000
0,1.00,3199.24,0.000000,0.000000
0,1.00,3300.17,0.000000,0.000000
0,1.00,3399.79,0.000000,0.000000
0,1.00,3499.31,0.000000,0.000000
0,1.00,3599.90,0.000000,0.000000
0,1.00,3699.01,0.000000,0.000000
0,1.00,3803.65,0.000000,0.000000
0,1.00,3900.55,0.000000,0.000000
0,1.00,3999.38,0.000000,0.000000
0,1.00,4099.03,0.000000,0.000000
0,1.00,4199.45,0.000000,0.000000
0,1.00,4299.46,0.000000,0.000000
0,1.00,4399.17,0.000000,0.000000
0,1.00,4500.66,0.000000,0.000000
0,1.00,4600.04,0.000000,0.000000
0,1.00,4699.54,0.000000,0.000000
0,1.00,4800.30,0.000000,0.000000
0,1.00,4899.05,0.000000,0.000000
0,1.00,4998.96,0.000000,0.000000
0,1.00,5099.71,0.000000,0.000000
0,1.00,5199.47,0.000000,0.000000
0,1.00,5300.11,0.000000,0.000000
0,1.00,5399.10,0.000000,0.000000
0,1.00,5499.22,0.000000,0.000000
0,1.00,5599.74,0.000000,0.000000
0,1.00,5699.05,0.000000,0.000000
0,1.00,5799.45,0.000000,0.000000
0,1.00,5899.00,0.000000,0.000000
0,1.00,5999.04,0.000000,0.000000
0,1.00,6099.33,0.000000,0.000000
0,1.00,6199.48,0.000000,0.000000
0,1.00,6300.72,0.000000,0.000000
0,1.00,6399.41,0.000000,0.000000
0,1.00,6500.20,0.000000,0.000000
0,1.00,6600.33,0.000000,0.000000
0,1.00,6700.04,0.000000,0.000000
0,1.00,6799.04,0.000000,0.000000
0,1.00,6899.72,0.000000,0.000000
0,1.00,6999.28,0.000000,0.000000
0,1.00,7099.24,0.000000,0.000000
0,1.00,7201.14,0.000000,0.000000
0,1.00,7300.23,0.000000,0.000000
0,1.00,7400.45,0.000000,0.000000
0,1.00,7499.23,0.000000,0.000000
0,1.00,7599.02,0.000000,0.000000
0,1.00,7699.47,0.000000,0.000000
0,1.00,7799.02,0.000000,0.000000
0,1.00,7899.50,0.000000,0.000000
0,1.00,7999.30,0.000000,0.000000
0,1.00,8099.64,0.000000,0.000000
0,1.00,8199.21,0.000000,0.000000
0,1.00,8299.09,0.000000,0.000000
0,1.00,8399.25,0.000000,0.000000
0,1.00,8499.05,0.000000,0.000000
0,1.00,8599.90,0.000000,0.000000
0,1.00,8700.75,0.000000,0.000000
0,1.00,8799.33,0.000000,0.000000
0,1.00,8902.22,0.000000,0.000000
0,1.00,8999.58,0.000000,0.000000
0,1.25,99.90,0.000000,0.000000
0,1.25,199.01,0.000000,0.000000
0,1.25,299.22,0.000000,0.000000
0,1.25,400.63,0.000000,0.000000
0,1.25,498.57,0.000000,0.000000
0,1.25,599.38,0.000000,0.000000
0,1.25,700.22,0.000000,0.000000
0,1.25,798.49,0.000000,0.000000
0,1.25,901.58,0.000000,0.000000
0,1.25,998.84,0.000000,0.000000
0,1.25,1098.88,0.000000,0.000000
0,1.25,1199.03,0.000000,0.000000
0,1.25,1298.65,0.000000,0.000000
0,1.25,1399.19,0.000000,0.000000
0,1.25,1498.55,0.000000,0.000000
0,1.25,1600.76,0.000000,0.000000
0,1.25,1701.01,0.000000,0.000000
0,1.25,1799.20,0.000000,0.000000
0,1.25,1898.63,0.000000,0.000000
0,1.25,2000.29,0.000000,0.000000
0,1.25,2098.48,0.000000,0.000000
0,1.25,2199.22,0.000000,0.000000
0,1.25,2299.48,0.000000,0.000000
0,1.25,2398.64,0.000000,0.000000
0,1.25,2498.76,0.000000,0.000000
0,1.25,2598.76,0.000000,0.000000
0,1.25,2699.05,0.000000,0.000000
0,1.25,2798.50,0.000000,0.000000
0,1.25,2899.08,0.000000,0.000000
0,1.25,2998.82,0.000000,0.000000
0,1.25,3098.99,0.000000,0.000000
0,1.25,3198.91,0.000000,0.000000
0,1.25,3298.84,0.000000,0.000000
0,1.25,3399.84,0.000000,0.000000
0,1.25,3498.68,0.000000,0.000000
0,1.25,3598.68,0.000000,0.000000
0,1.25,3700.59,0.000000,0.000000
0,1.25,3798.48,0.000000,0.000000
0,1.25,3899.06,0.000000,0.000000
0,1.25,3998.98,0.000000,0.000000
0,1.25,4099.44,0.000000,0.000000
0,1.25,4198.69,0.000000,0.000000
0,1.25,4299.03,0.000000,0.000000
0,1.25,4398.65,0.000000,0.000000
0,1.25,4498.98,0.000000,0.000000
0,1.25,4598.54,0.000000,0.000000
0,1.25,4698.85,0.000000,0.000000
0,1.25,4801.58,0.000000,0.000000
0,1.25,4901.36,0.000000,0.000000
0,1.25,4999.47,0.000000,0.000000
0,1.25,5100.77,0.000000,0.000000
0,1.25,5198.55,0.000000,0.000000
0,1.25,5298.54,0.000000,0.000000
0,1.25,5398.73,0.000000,0.000000
0,1.25,5498.83,0.000000,0.000000
0,1.25,5598.67,0.000000,0.000000
0,1.25,5699.11,0.000000,0.000000
0,1.25,5798.70,0.000000,0.000000
0,1.25,5899.43,0.000000,0.000000
0,1.25,6000.78,0.000000,0.000000
0,1.25,6098.70,0.000000,0.000000
0,1.25,6198.75,0.000000,0.000000
0,1.25,6298.66,0.000000,0.000000
0,1.25,6398.81,0.000000,0.000000
0,1.25,6499.22,0.000000,0.000000
0,1.25,6598.56,0.000000,0.000000
0,1.25,6698.77,0.000000,0.000000
0,1.25,6798.94,0.000000,0.000000
0,1.25,6898.53,0.000000,0.000000
0,1.25,6998.98,0.000000,0.000000
0,1.25,7099.27,0.000000,0.000000
0,1.25,7199.17,0.000000,0.000000
0,1.25,7300.52,0.000000,0.000000
0,1.25,7398.69,0.000000,0.000000
0,1.25,7499.01,0.000000,0.000000
0,1.25,7598.67,0.000000,0.000000
0,1.25,7699.44,0.000000,0.000000
0,1.25,7798.56,0.000000,0.000000
0,1.25,7900.17,0.000000,0.000000
0,1.25,8000.16,0.000000,0.000000
0,1.25,8098.60,0.000000,0.000000
0,1.25,8199.02,0.000000,0.000000
0,1.25,8298.77,0.000000,0.000000
0,1.25,8399.55,0.000000,0.000000
0,1.25,8498.50,0.000000,0.000000
0,1.25,8598.68,0.000000,0.000000
0,1.25,8698.57,0.000000,0.000000
0,1.25,8798.69,0.000000,0.000000
0,1.25,8898.69,0.000000,0.000000
0,1.25,8998.69,0.000000,0.000000
2,0.25,99.50,0.447437,1.712350
2,0.25,208.38,0.301692,1.232659
2,0.25,300.69,0.298407,1.300412
2,0.25,400.45,0.300703,1.323272
2,0.25,507.57,0.291710,1.265499
2,0.25,599.52,0.264226,1.173408
2,0.25,703.99,0.274979,1.202376
2,0.25,801.31,0.263944,1.149466
2,0.25,904.60,0.260186,1.153744
2,0.25,1002.63,0.269055,1.183165
2,0.25,1100.34,0.266634,1.132774
2,0.25,1201.23,0.263437,1.094983
2,0.25,1307.03,0.262486,1.103138
2,0.25,1401.55,0.270217,1.137306
2,0.25,1501.49,0.267835,1.139241
2,0.25,1623.08,0.255025,1.134044
2,0.25,1699.41,0.254220,1.128000
2,0.25,1802.84,0.261793,1.153962
2,0.25,1910.00,0.263890,1.153384
2,0.25,1999.56,0.263097,1.151155
2,0.25,2102.23,0.263124,1.145233
2,0.25,2201.24,0.261069,1.133482
2,0.25,2300.86,0.262673,1.138181
2,0.25,2399.99,0.267277,1.145469
2,0.25,2500.66,0.268561,1.147995
2,0.25,2600.12,0.270380,1.143119
2,0.25,2699.96,0.274300,1.162638
2,0.25,2814.00,0.273395,1.162133
2,0.25,2900.63,0.275599,1.170439
2,0.25,3005.98,0.273001,1.168997
2,0.25,3102.57,0.268861,1.155347
2,0.25,3202.93,0.270840,1.147459
2,0.25,3300.72,0.269760,1.138620
2,0.25,3401.44,0.271681,1.142283
2,0.25,3499.54,0.268785,1.133280
2,0.25,3601.75,0.265797,1.122317
2,0.25,3699.53,0.265577,1.119031
2,0.25,3799.56,0.270617,1.132408
2,0.25,3903.58,0.271047,1.141372
2,0.25,4000.98,0.269605,1.140258
2,0.25,4100.19,0.267903,1.138292
2,0.25,4212.94,0.265422,1.128363
2,0.25,4299.85,0.265112,1.126426
2,0.25,4411.90,0.262569,1.122506
2,0.25,4501.13,0.263667,1.125996
2,0.25,4606.71,0.265242,1.132432
2,0.25,4700.05,0.267527,1.138943
2,0.25,4803.56,0.265360,1.132037
2,0.25,4900.42,0.265795,1.130648
2,0.25,5001.47,0.265398,1.124900
2,0.25,5101.49,0.265835,1.126376
2,0.25,5205.88,0.271447,1.142377
2,0.25,5299.72,0.273393,1.146286
2,0.25,5406.43,0.274716,1.146013
2,0.25,5500.85,0.275005,1.151263
2,0.25,5600.62,0.274853,1.153934
2,0.25,5702.44,0.275001,1.153920
2,0.25,5799.81,0.275221,1.154180
2,0.25,5902.80,0.272460,1.147947
2,0.25,6002.25,0.275193,1.154280
2,0.25,6103.29,0.275376,1.153532
2,0.25,6200.68,0.272493,1.148636
2,0.25,6305.74,0.276176,1.157137
2,0.25,6401.56,0.276004,1.157077
2,0.25,6500.75,0.273587,1.153386
2,0.25,6600.33,0.272021,1.145776
2,0.25,6706.54,0.271574,1.146206
2,0.25,6810.77,0.271332,1.149243
2,0.25,6905.02,0.271947,1.154147
2,0.25,7002.94,0.272704,1.160932
2,0.25,7099.97,0.273049,1.163651
2,0.25,7202.71,0.274066,1.166676
2,0.25,7300.95,0.275535,1.172987
2,0.25,7410.26,0.276927,1.175988
2,0.25,7499.98,0.277879,1.180116
2,0.25,7606.61,0.276031,1.177601
2,0.25,7699.92,0.277417,1.178206
2,0.25,7801.06,0.277196,1.175869
2,0.25,7900.22,0.278029,1.180272
2,0.25,8003.31,0.279348,1.182290
2,0.25,8100.03,0.281000,1.182391
2,0.25,8200.24,0.281500,1.183170
2,0.25,8301.41,0.280806,1.179698
2,0.25,8400.86,0.280831,1.180792
2,0.25,8500.86,0.280337,1.178007
2,0.25,8601.50,0.281504,1.183459
2,0.25,8699.42,0.279971,1.178890
2,0.25,8799.56,0.280367,1.179307
2,0.25,8900.89,0.279685,1.178713
2,0.25,9003.85,0.279041,1.180106
2,0.50,100.91,0.546862,0.904670
2,0.50,199.54,0.528931,1.044987
2,0.50,301.43,0.543420,1.231594
2,0.50,401.73,0.559151,1.321348
2,0.50,499.79,0.561008,1.304132
2,0.50,600.02,0.567696,1.310105
2,0.50,699.99,0.577322,1.333719
2,0.50,799.81,0.590752,1.349968
2,0.50,900.51,0.587190,1.345464
2,0.50,1002.94,0.584094,1.359196
2,0.50,1099.54,0.569082,1.331341
2,0.50,1200.29,0.567333,1.297072
2,0.50,1300.11,0.567623,1.285663
2,0.50,1400.00,0.570353,1.285819
2,0.50,1499.60,0.577440,1.312013
2,0.50,1599.78,0.587485,1.340722
2,0.50,1699.78,0.583105,1.326837
2,0.50,1801.12,0.579047,1.320170
2,0.50,1901.05,0.573110,1.322224
2,0.50,1999.93,0.567697,1.308011
2,0.50,2099.64,0.557716,1.278390
2,0.50,2201.71,0.568691,1.304262
2,0.50,2303.62,0.569884,1.298513
2,0.50,2399.68,0.575176,1.318281
2,0.50,2502.31,0.582893,1.332033
2,0.50,2601.28,0.577177,1.319331
2,0.50,2699.62,0.576244,1.320580
2,0.50,2799.73,0.574062,1.313088
2,0.50,2899.75,0.575592,1.317343
2,0.50,3004.28,0.569118,1.311190
2,0.50,3103.01,0.562653,1.312721
2,0.50,3205.04,0.562597,1.321955
2,0.50,3299.97,0.561994,1.322798
2,0.50,3399.61,0.563087,1.321100
2,0.50,3501.47,0.562526,1.322812
2,0.50,3601.10,0.564881,1.326936
2,0.50,3701.57,0.564925,1.328534
2,0.50,3801.09,0.569162,1.332165
2,0.50,3900.30,0.571410,1.332141
2,0.50,4002.14,0.578547,1.348529
2,0.50,4103.15,0.580231,1.348880
2,0.50,4200.31,0.578428,1.351265
2,0.50,4303.38,0.583490,1.361702
2,0.50,4399.78,0.579903,1.351400
2,0.50,4499.77,0.576276,1.349876
2,0.50,4601.38,0.579609,1.357253
2,0.50,4700.27,0.579203,1.353086
2,0.50,4800.62,0.575868,1.344614
2,0.50,4900.17,0.575822,1.350708
2,0.50,4999.82,0.572575,1.345921
2,0.50,5101.00,0.574368,1.349540
2,0.50,5202.24,0.572831,1.345982
2,0.50,5299.58,0.570893,1.342279
2,0.50,5400.33,0.574085,1.347347
2,0.50,5500.97,0.574409,1.347466
2,0.50,5599.72,0.574511,1.348323
2,0.50,5704.43,0.575468,1.345927
2,0.50,5800.77,0.571923,1.344790
2,0.50,5902.88,0.572821,1.345521
2,0.50,6000.35,0.570656,1.342799
2,0.50,6100.21,0.572214,1.344617
2,0.50,6201.91,0.571022,1.343994
2,0.50,6302.40,0.571947,1.341011
2,0.50,6399.64,0.570659,1.338223
2,0.50,6503.63,0.572052,1.340692
2,0.50,6602.30,0.571347,1.336241
2,0.50,6699.53,0.570463,1.335373
2,0.50,6800.42,0.572639,1.338669
2,0.50,6900.61,0.573220,1.338603
2,0.50,6999.54,0.577280,1.346898
2,0.50,7101.79,0.576328,1.343717
2,0.50,7205.17,0.577744,1.348474
2,0.50,7301.28,0.577004,1.351144
2,0.50,7399.96,0.574674,1.344898
2,0.50,7501.59,0.575680,1.344493
2,0.50,7600.73,0.576065,1.347235
2,0.50,7700.28,0.578427,1.353814
2,0.50,7800.52,0.580333,1.359429
2,0.50,7900.86,0.579607,1.360081
2,0.50,8000.83,0.581469,1.359905
2,0.50,8103.29,0.580934,1.361328
2,0.50,8199.59,0.581739,1.362086
2,0.50,8300.32,0.580844,1.358465
2,0.50,8401.13,0.581252,1.359837
2,0.50,8499.91,0.582219,1.364437
2,0.50,8602.43,0.580203,1.359617
2,0.50,8700.44,0.580445,1.358292
2,0.50,8805.54,0.580381,1.356668
2,0.50,8903.25,0.579526,1.354244
2,0.50,8999.75,0.579797,1.351472
2,0.75,99.20,0.960775,1.765004
2,0.75,199.32,0.826972,1.408849
2,0.75,301.35,0.849242,1.437753
2,0.75,399.08,0.851494,1.433819
2,0.75,499.32,0.844630,1.464363
2,0.75,600.25,0.819665,1.389834
2,0.75,699.51,0.799343,1.328146
2,0.75,799.43,0.778921,1.299988
2,0.75,899.25,0.798753,1.360379
2,0.75,998.97,0.824193,1.400249
2,0.75,1099.18,0.839522,1.421861
2,0.75,1200.00,0.835538,1.404261
2,0.75,1299.37,0.831387,1.406616
2,0.75,1400.04,0.837841,1.409873
2,0.75,1498.98,0.837655,1.418789
2,0.75,1599.66,0.832857,1.408335
2,0.75,1699.37,0.836440,1.411542
2,0.75,1801.87,0.835078,1.415526
2,0.75,1900.31,0.837881,1.433158
2,0.75,2000.09,0.830260,1.443996
2,0.75,2098.85,0.839692,1.461352
2,0.75,2199.20,0.854868,1.488540
2,0.75,2299.48,0.859442,1.506306
2,0.75,2399.10,0.862774,1.505367
2,0.75,2500.82,0.863198,1.498059
2,0.75,2599.07,0.861978,1.495554
2,0.75,2699.12,0.850399,1.478949
2,0.75,2798.93,0.847491,1.475165
2,0.75,2898.94,0.834610,1.461043
2,0.75,2999.07,0.835861,1.465970
2,0.75,3098.99,0.840552,1.473337
2,0.75,3198.94,0.837933,1.475231
2,0.75,3299.18,0.839330,1.474493
2,0.75,3400.98,0.841449,1.478942
2,0.75,3498.90,0.841453,1.475032
2,0.75,3599.87,0.843449,1.477523
2,0.75,3699.15,0.841159,1.471194
2,0.75,3800.31,0.837333,1.468449
2,0.75,3898.78,0.834915,1.463647
2,0.75,3999.02,0.838310,1.467141
2,0.75,4098.90,0.840159,1.468539
2,0.75,4198.84,0.840142,1.466787
2,0.75,4299.35,0.842530,1.469508
2,0.75,4400.32,0.840250,1.465466
2,0.75,4499.71,0.840111,1.465217
2,0.75,4599.19,0.842695,1.471978
2,0.75,4699.08,0.845848,1.474297
2,0.75,4802.89,0.844228,1.476598
2,0.75,4898.81,0.845745,1.480222
2,0.75,4998.98,0.848506,1.482064
2,0.75,5098.85,0.847190,1.483411
2,0.75,5199.18,0.847361,1.485362
2,0.75,5299.02,0.845428,1.484408
2,0.75,5398.92,0.843537,1.478634
2,0.75,5499.18,0.846633,1.486047
2,0.75,5601.88,0.843190,1.478386
2,0.75,5700.07,0.843461,1.482970
2,0.75,5799.32,0.844481,1.483615
2,0.75,5899.17,0.843876,1.479835
2,0.75,5998.94,0.843995,1.477408
2,0.75,6100.17,0.844870,1.476325
2,0.75,6200.51,0.843062,1.472096
2,0.75,6299.32,0.845455,1.476514
2,0.75,6398.82,0.845779,1.473453
2,0.75,6499.00,0.847230,1.477367
2,0.75,6598.89,0.847465,1.474770
2,0.75,6700.48,0.851822,1.483270
2,0.75,6799.17,0.847713,1.476369
2,0.75,6898.99,0.849073,1.475132
2,0.75,6999.41,0.850524,1.479047
2,0.75,7101.32,0.849009,1.475908
2,0.75,7199.53,0.847470,1.472697
2,0.75,7301.65,0.845950,1.470673
2,0.75,7399.37,0.849293,1.478295
2,0.75,7500.09,0.845425,1.473911
2,0.75,7598.99,0.845838,1.475555
2,0.75,7702.36,0.846272,1.474726
2,0.75,7799.94,0.844666,1.469956
2,0.75,7899.21,0.846525,1.473204
2,0.75,7999.08,0.844449,1.470997
2,0.75,8099.00,0.844563,1.467835
2,0.75,8198.97,0.844190,1.466416
2,0.75,8300.43,0.843009,1.464798
2,0.75,8398.87,0.840538,1.462517
2,0.75,8499.84,0.841800,1.465022
2,0.75,8598.81,0.842523,1.464758
2,0.75,8700.01,0.840928,1.462047
2,0.75,8799.66,0.839809,1.459904
2,0.75,8899.08,0.839417,1.457000
2,0.75,9001.19,0.839536,1.454915
2,1.00,99.75,1.083061,1.688048
2,1.00,199.78,1.048274,1.506621
2,1.00,298.74,1.130409,1.615774
2,1.00,399.61,1.111315,1.638737
2,1.00,498.90,1.062522,1.559088
2,1.00,598.31,1.086102,1.616484
2,1.00,698.55,1.061512,1.561083
2,1.00,798.94,1.059340,1.547265
2,1.00,899.08,1.059080,1.555881
2,1.00,998.91,1.044840,1.553130
2,1.00,1098.60,1.046099,1.555137
2,1.00,1198.50,1.042504,1.550172
2,1.00,1298.37,1.039097,1.568762
2,1.00,1398.34,1.028923,1.569012
2,1.00,1499.09,1.026258,1.569845
2,1.00,1598.68,1.021460,1.559683
2,1.00,1698.65,1.017701,1.540748
2,1.00,1798.61,1.015040,1.535461
2,1.00,1898.56,1.012426,1.531592
2,1.00,1998.66,1.008515,1.530508
2,1.00,2099.71,0.992401,1.509968
2,1.00,2198.45,0.986511,1.495719
2,1.00,2298.58,0.987854,1.497799
2,1.00,2398.93,0.980810,1.494849
2,1.00,2498.76,0.979542,1.494284
2,1.00,2598.94,0.978964,1.486140
2,1.00,2698.85,0.984643,1.498817
2,1.00,2801.63,0.983521,1.497536
2,1.00,2898.59,0.981081,1.492001
2,1.00,2998.56,0.981464,1.491626
2,1.00,3098.46,0.983751,1.492708
2,1.00,3198.56,0.987479,1.495506
2,1.00,3298.88,0.993922,1.504742
2,1.00,3398.45,0.994481,1.506101
2,1.00,3498.41,0.992943,1.502477
2,1.00,3598.43,0.991091,1.500999
2,1.00,3698.78,0.991676,1.504507
2,1.00,3798.31,0.991425,1.500296
2,1.00,3898.59,0.992143,1.504456
2,1.00,4000.78,0.991029,1.506415
2,1.00,4098.47,0.991986,1.509140
2,1.00,4199.37,0.987312,1.502207
2,1.00,4300.66,0.992354,1.511789
2,1.00,4398.89,0.992074,1.513184
2,1.00,4498.52,0.990785,1.507801
2,1.00,4599.12,0.988816,1.497918
2,1.00,4700.37,0.989960,1.497645
2,1.00,4799.33,0.988628,1.493941
2,1.00,4898.95,0.988845,1.493773
2,1.00,4999.45,0.990101,1.500898
2,1.00,5098.59,0.990324,1.499186
2,1.00,5198.56,0.993480,1.503540
2,1.00,5299.06,0.992188,1.499619
2,1.00,5398.83,0.992151,1.500408
2,1.00,5498.53,0.991662,1.497578
2,1.00,5598.31,0.989415,1.491397
2,1.00,5698.84,0.989749,1.496529
2,1.00,5798.33,0.991556,1.499573
2,1.00,5898.75,0.993589,1.502417
2,1.00,5998.49,0.994351,1.499022
2,1.00,6098.64,0.998205,1.504248
2,1.00,6199.71,1.000050,1.508888
2,1.00,6298.75,1.001043,1.508090
2,1.00,6398.47,0.998919,1.505665
2,1.00,6499.12,0.996952,1.503322
2,1.00,6598.59,0.998389,1.506852
2,1.00,6699.35,0.998065,1.503572
2,1.00,6798.30,0.996902,1.502715
2,1.00,6898.75,0.998691,1.502336
2,1.00,6998.82,0.998425,1.499526
2,1.00,7099.05,0.998330,1.500571
2,1.00,7199.45,0.996469,1.498649
2,1.00,7298.60,0.996814,1.498834
2,1.00,7398.59,0.998165,1.498885
2,1.00,7498.81,0.996600,1.498258
2,1.00,7599.60,0.996814,1.501267
2,1.00,7699.96,0.997083,1.502152
2,1.00,7798.75,0.997866,1.503500
2,1.00,7900.19,0.996822,1.503452
2,1.00,7999.72,0.996739,1.505596
2,1.00,8098.30,0.997334,1.504883
2,1.00,8198.29,0.998154,1.505641
2,1.00,8299.80,0.998194,1.508249
2,1.00,8398.44,0.999789,1.511279
2,1.00,8499.03,1.001022,1.511409
2,1.00,8598.29,1.003094,1.516332
2,1.00,8699.58,1.002346,1.517840
2,1.00,8799.39,1.001529,1.515017
2,1.00,8898.31,1.002431,1.516481
2,1.00,8998.65,1.004211,1.517472
2,1.25,99.93,0.991166,1.065024
2,1.25,201.75,1.174607,1.471915
2,1.25,300.80,1.127473,1.419017
2,1.25,400.28,1.123941,1.446598
2,1.25,500.12,1.135520,1.448716
2,1.25,599.78,1.117776,1.426431
2,1.25,699.68,1.103471,1.421876
2,1.25,800.36,1.106022,1.432390
2,1.25,900.27,1.138100,1.493579
2,1.25,1000.13,1.127680,1.522031
2,1.25,1099.65,1.136448,1.537139
2,1.25,1199.69,1.138302,1.548317
2,1.25,1299.68,1.137625,1.522709
2,1.25,1400.55,1.139758,1.529009
2,1.25,1500.36,1.130294,1.525045
2,1.25,1600.34,1.117274,1.507600
2,1.25,1700.00,1.127115,1.525553
2,1.25,1799.85,1.135540,1.542490
2,1.25,1900.89,1.146076,1.565061
2,1.25,1999.85,1.142765,1.553607
2,1.25,2100.82,1.136753,1.549718
2,1.25,2201.21,1.141572,1.557865
2,1.25,2299.98,1.149752,1.573114
2,1.25,2399.68,1.151884,1.569647
2,1.25,2499.88,1.154417,1.574413
2,1.25,2599.78,1.151694,1.567617
2,1.25,2699.87,1.153943,1.571105
2,1.25,2800.09,1.152018,1.565140
2,1.25,2900.70,1.153263,1.575726
2,1.25,3000.03,1.151706,1.566254
2,1.25,3099.67,1.148672,1.563681
2,1.25,3200.31,1.149492,1.572779
2,1.25,3300.48,1.153091,1.575882
2,1.25,3400.36,1.149914,1.569071
2,1.25,3499.76,1.149781,1.573086
2,1.25,3599.69,1.153019,1.573954
2,1.25,3699.90,1.153231,1.569270
2,1.25,3801.34,1.151017,1.561531
2,1.25,3900.45,1.153424,1.570834
2,1.25,3999.62,1.152379,1.565053
2,1.25,4099.83,1.152093,1.561965
2,1.25,4202.33,1.148688,1.562191
2,1.25,4300.04,1.142694,1.547114
2,1.25,4401.25,1.142351,1.547481
2,1.25,4499.62,1.139773,1.541492
2,1.25,4599.96,1.139244,1.541316
2,1.25,4699.99,1.137947,1.541752
2,1.25,4799.82,1.141705,1.546269
2,1.25,4901.05,1.140237,1.539492
2,1.25,4999.66,1.141979,1.544363
2,1.25,5102.39,1.139224,1.537362
2,1.25,5199.90,1.136885,1.529939
2,1.25,5301.03,1.137597,1.533683
2,1.25,5399.99,1.139417,1.535523
2,1.25,5499.61,1.138536,1.533181
2,1.25,5599.86,1.140242,1.535640
2,1.25,5699.73,1.143500,1.538995
2,1.25,5800.12,1.144267,1.539881
2,1.25,5900.96,1.143603,1.540017
2,1.25,5999.84,1.146735,1.542307
2,1.25,6100.86,1.143389,1.542605
2,1.25,6200.06,1.141090,1.539343
2,1.25,6299.61,1.141427,1.541712
2,1.25,6399.88,1.141458,1.543786
2,1.25,6500.19,1.141888,1.547318
2,1.25,6600.12,1.140790,1.544165
2,1.25,6699.80,1.141778,1.545704
2,1.25,6800.04,1.144988,1.551299
2,1.25,6899.81,1.146251,1.554424
2,1.25,6999.83,1.148388,1.556947
2,1.25,7101.69,1.148146,1.556360
2,1.25,7200.08,1.146416,1.555065
2,1.25,7300.27,1.147637,1.558999
2,1.25,7399.91,1.149521,1.560800
2,1.25,7500.06,1.147153,1.556106
2,1.25,7601.32,1.147500,1.558427
2,1.25,7699.71,1.147045,1.557382
2,1.25,7799.65,1.148118,1.556565
2,1.25,7900.58,1.147262,1.555523
2,1.25,8000.62,1.146624,1.554601
2,1.25,8100.46,1.145635,1.553427
2,1.25,8200.06,1.145290,1.551023
2,1.25,8299.62,1.145383,1.554833
2,1.25,8399.90,1.146948,1.555417
2,1.25,8499.72,1.148122,1.555671
2,1.25,8599.68,1.149033,1.555378
2,1.25,8700.14,1.144879,1.549083
2,1.25,8799.85,1.145729,1.550160
2,1.25,8900.14,1.146544,1.549643
2,1.25,8999.87,1.146166,1.549549
5,0.25,111.64,0.499650,1.859336
5,0.25,198.69,0.392158,1.527801
5,0.25,308.76,0.383217,1.479008
5,0.25,399.57,0.384239,1.490589
5,0.25,498.19,0.359631,1.399732
5,0.25,602.42,0.348950,1.373946
5,0.25,698.55,0.376606,1.453473
5,0.25,802.06,0.369588,1.418338
5,0.25,898.18,0.357119,1.413033
5,0.25,1000.03,0.348002,1.359422
5,0.25,1099.72,0.342534,1.307952
5,0.25,1205.54,0.340389,1.302710
5,0.25,1298.46,0.359598,1.369272
5,0.25,1398.94,0.360360,1.381160
5,0.25,1518.05,0.372047,1.448165
5,0.25,1606.37,0.361517,1.419878
5,0.25,1703.17,0.356090,1.423667
5,0.25,1798.99,0.356252,1.408561
5,0.25,1899.84,0.346604,1.380482
5,0.25,1998.29,0.341892,1.358245
5,0.25,2109.12,0.339518,1.351102
5,0.25,2208.84,0.336448,1.348751
5,0.25,2302.16,0.331677,1.332591
5,0.25,2400.13,0.336226,1.344978
5,0.25,2498.51,0.335833,1.329766
5,0.25,2598.58,0.334626,1.333671
5,0.25,2698.40,0.335685,1.336006
5,0.25,2798.68,0.331133,1.327699
5,0.25,2905.22,0.340820,1.363851
5,0.25,2998.39,0.339456,1.351687
5,0.25,3098.36,0.341092,1.337753
5,0.25,3206.07,0.343372,1.347458
5,0.25,3298.86,0.339903,1.336465
5,0.25,3399.37,0.343654,1.339685
5,0.25,3499.31,0.338607,1.329847
5,0.25,3605.56,0.336508,1.315944
5,0.25,3698.66,0.334533,1.317703
5,0.25,3801.01,0.331053,1.312130
5,0.25,3902.45,0.329723,1.312987
5,0.25,4007.61,0.324501,1.301774
5,0.25,4100.65,0.321934,1.292986
5,0.25,4203.22,0.319669,1.283321
5,0.25,4299.43,0.320262,1.290482
5,0.25,4403.50,0.320871,1.290371
5,0.25,4499.54,0.319289,1.288480
5,0.25,4598.50,0.324778,1.300950
5,0.25,4703.15,0.324085,1.298312
5,0.25,4798.57,0.323952,1.286842
5,0.25,4898.90,0.323361,1.286852
5,0.25,5008.66,0.329483,1.308700
5,0.25,5099.22,0.330710,1.309290
5,0.25,5198.34,0.332352,1.305880
5,0.25,5299.22,0.333470,1.313852
5,0.25,5415.64,0.332178,1.315025
5,0.25,5499.19,0.331146,1.310096
5,0.25,5604.91,0.330992,1.310153
5,0.25,5700.63,0.327433,1.302561
5,0.25,5798.33,0.330693,1.308850
5,0.25,5901.13,0.331073,1.308577
5,0.25,5998.25,0.337099,1.332896
5,0.25,6099.02,0.340584,1.336696
5,0.25,6199.78,0.341354,1.340290
5,0.25,6309.55,0.346638,1.355938
5,0.25,6399.01,0.344923,1.351603
5,0.25,6507.80,0.342074,1.349998
5,0.25,6606.37,0.343368,1.358333
5,0.25,6699.46,0.340570,1.354891
5,0.25,6798.22,0.341188,1.358799
5,0.25,6899.25,0.341541,1.359711
5,0.25,6999.88,0.341731,1.360681
5,0.25,7101.36,0.339687,1.355191
5,0.25,7198.47,0.340924,1.358125
5,0.25,7306.34,0.337888,1.354210
5,0.25,7403.09,0.338054,1.351319
5,0.25,7500.07,0.338456,1.350952
5,0.25,7600.56,0.337354,1.352364
5,0.25,7698.33,0.339044,1.358000
5,0.25,7798.78,0.341335,1.360940
5,0.25,7913.86,0.339235,1.351792
5,0.25,7998.85,0.338668,1.347068
5,0.25,8107.48,0.338050,1.345477
5,0.25,8198.23,0.339120,1.351571
5,0.25,8302.11,0.336968,1.343683
5,0.25,8398.76,0.340310,1.352027
5,0.25,8503.03,0.340951,1.350941
5,0.25,8599.30,0.342386,1.355563
5,0.25,8698.80,0.340495,1.352465
5,0.25,8798.43,0.339816,1.350430
5,0.25,8899.34,0.339674,1.348292
5,0.25,9005.30,0.338441,1.343810
5,0.50,101.46,0.640102,1.082379
5,0.50,204.23,0.732429,1.526349
5,0.50,299.41,0.981551,2.084296
5,0.50,400.21,0.975006,2.053712
5,0.50,499.43,0.989573,2.033833
5,0.50,602.86,0.955668,1.946415
5,0.50,699.83,0.917347,1.871691
5,0.50,801.93,0.939949,1.903463
5,0.50,902.56,0.988150,2.008704
5,0.50,1000.77,0.940037,1.943726
5,0.50,1099.71,0.928593,1.884094
5,0.50,1206.03,0.905627,1.832566
5,0.50,1304.33,0.923046,1.846561
5,0.50,1399.86,0.951338,1.907938
5,0.50,1501.25,0.939264,1.908081
5,0.50,1602.48,0.947745,1.907964
5,0.50,1703.54,0.946480,1.921768
5,0.50,1800.04,0.933923,1.895260
5,0.50,1899.68,0.920832,1.860938
5,0.50,2000.75,0.925908,1.865568
5,0.50,2104.78,0.927305,1.867727
5,0.50,2201.92,0.926008,1.860393
5,0.50,2300.73,0.926720,1.863753
5,0.50,2401.40,0.921054,1.852442
5,0.50,2504.69,0.918261,1.848842
5,0.50,2600.45,0.930266,1.863718
5,0.50,2699.59,0.923384,1.850597
5,0.50,2800.63,0.902389,1.826053
5,0.50,2900.09,0.926735,1.891354
5,0.50,3000.62,0.926403,1.894874
5,0.50,3099.66,0.937751,1.907287
5,0.50,3199.62,0.940030,1.918199
5,0.50,3300.62,0.929915,1.895797
5,0.50,3399.91,0.940958,1.915672
5,0.50,3499.97,0.940322,1.904569
5,0.50,3603.09,0.936657,1.895989
5,0.50,3700.69,0.942984,1.903813
5,0.50,3799.53,0.946772,1.906351
5,0.50,3900.61,0.944450,1.906799
5,0.50,4000.15,0.947772,1.914761
5,0.50,4107.23,0.932829,1.892021
5,0.50,4200.08,0.934140,1.901823
5,0.50,4301.53,0.937335,1.904570
5,0.50,4399.94,0.923018,1.878459
5,0.50,4500.33,0.926086,1.883276
5,0.50,4599.62,0.930414,1.891096
5,0.50,4699.38,0.931754,1.897993
5,0.50,4801.20,0.939658,1.913270
5,0.50,4900.28,0.945211,1.921909
5,0.50,4999.88,0.937325,1.908191
5,0.50,5100.22,0.934872,1.902653
5,0.50,5201.15,0.931135,1.899948
5,0.50,5299.61,0.924864,1.882265
5,0.50,5399.80,0.923521,1.887522
5,0.50,5501.59,0.924649,1.889688
5,0.50,5599.58,0.919259,1.884139
5,0.50,5700.47,0.913614,1.873392
5,0.50,5799.89,0.915588,1.871804
5,0.50,5901.67,0.920958,1.878741
5,0.50,5999.77,0.917522,1.869242
5,0.50,6102.76,0.922012,1.873109
5,0.50,6200.15,0.924581,1.879522
5,0.50,6299.73,0.928468,1.883161
5,0.50,6399.39,0.924122,1.876210
5,0.50,6499.79,0.928703,1.884601
5,0.50,6600.31,0.934085,1.888863
5,0.50,6707.52,0.934192,1.892514
5,0.50,6799.55,0.933115,1.893959
5,0.50,6900.24,0.934795,1.891031
5,0.50,6999.51,0.933450,1.888351
5,0.50,7101.09,0.939959,1.898928
5,0.50,7200.41,0.939820,1.899801
5,0.50,7299.47,0.938528,1.899821
5,0.50,7399.59,0.937301,1.898617
5,0.50,7506.77,0.939019,1.902051
5,0.50,7599.55,0.945974,1.913490
5,0.50,7699.49,0.944196,1.905089
5,0.50,7804.08,0.944577,1.906765
5,0.50,7900.62,0.944157,1.910713
5,0.50,8000.62,0.940394,1.903298
5,0.50,8099.54,0.939873,1.900284
5,0.50,8199.54,0.944453,1.904593
5,0.50,8301.72,0.943326,1.898939
5,0.50,8399.75,0.947926,1.904409
5,0.50,8499.77,0.959743,1.922148
5,0.50,8601.07,0.962183,1.925503
5,0.50,8699.82,0.960506,1.924069
5,0.50,8799.59,0.965432,1.928145
5,0.50,8899.51,0.968957,1.937808
5,0.50,9001.72,0.967519,1.931544
5,0.75,101.34,1.583959,2.229490
5,0.75,199.71,1.444096,1.989018
5,0.75,300.23,1.361386,2.013459
5,0.75,399.99,1.354436,1.962913
5,0.75,502.36,1.320530,1.911748
5,0.75,601.16,1.404555,2.005626
5,0.75,699.68,1.488573,2.156366
5,0.75,800.27,1.465979,2.125317
5,0.75,899.79,1.582771,2.293334
5,0.75,1000.29,1.608690,2.295517
5,0.75,1099.94,1.654805,2.366945
5,0.75,1200.11,1.691523,2.419556
5,0.75,1299.68,1.708821,2.435221
5,0.75,1401.44,1.656782,2.371683
5,0.75,1499.63,1.748377,2.473504
5,0.75,1601.26,1.789608,2.551765
5,0.75,1699.56,1.759416,2.555756
5,0.75,1800.18,1.759671,2.546398
5,0.75,1899.52,1.819219,2.633875
5,0.75,1999.78,1.829702,2.659161
5,0.75,2100.49,1.836441,2.651147
5,0.75,2205.29,1.796308,2.609606
5,0.75,2299.77,1.790187,2.592582
5,0.75,2399.59,1.795494,2.598588
5,0.75,2499.67,1.763933,2.565005
5,0.75,2599.76,1.737941,2.545483
5,0.75,2701.29,1.755986,2.559861
5,0.75,2799.60,1.761711,2.570137
5,0.75,2900.22,1.739600,2.546810
5,0.75,3001.57,1.738974,2.537511
5,0.75,3100.95,1.742300,2.537711
5,0.75,3199.96,1.738464,2.535556
5,0.75,3301.02,1.716410,2.503715
5,0.75,3400.23,1.691000,2.483709
5,0.75,3500.93,1.686280,2.475286
5,0.75,3601.10,1.683806,2.470885
5,0.75,3699.92,1.674339,2.459278
5,0.75,3799.97,1.668438,2.443162
5,0.75,3900.11,1.670357,2.441747
5,0.75,4003.84,1.674295,2.438563
5,0.75,4099.66,1.678494,2.439293
5,0.75,4200.55,1.674412,2.436247
5,0.75,4299.84,1.689046,2.455247
5,0.75,4400.40,1.687300,2.457726
5,0.75,4499.52,1.685903,2.447809
5,0.75,4601.20,1.689347,2.455156
5,0.75,4700.23,1.696962,2.469384
5,0.75,4799.99,1.717080,2.495297
5,0.75,4899.73,1.708928,2.488345
5,0.75,5000.46,1.722711,2.504172
5,0.75,5100.45,1.733564,2.520510
5,0.75,5199.81,1.731383,2.514764
5,0.75,5300.24,1.735285,2.512274
5,0.75,5399.81,1.739009,2.512795
5,0.75,5499.69,1.749986,2.522114
5,0.75,5599.58,1.750940,2.517208
5,0.75,5701.24,1.757110,2.523987
5,0.75,5800.49,1.756984,2.523238
5,0.75,5899.69,1.768332,2.534648
5,0.75,5999.86,1.768440,2.532312
5,0.75,6100.31,1.757161,2.523954
5,0.75,6201.26,1.766244,2.532471
5,0.75,6299.55,1.770420,2.539933
5,0.75,6399.50,1.767026,2.530336
5,0.75,6499.81,1.772359,2.536327
5,0.75,6599.97,1.784338,2.555678
5,0.75,6699.78,1.773335,2.543013
5,0.75,6800.53,1.765126,2.537264
5,0.75,6900.68,1.769442,2.540648
5,0.75,6999.57,1.772058,2.536013
5,0.75,7099.88,1.780975,2.544208
5,0.75,7200.97,1.780093,2.545859
5,0.75,7299.91,1.772089,2.531030
5,0.75,7399.75,1.779896,2.541151
5,0.75,7500.06,1.783361,2.544771
5,0.75,7600.43,1.786484,2.548910
5,0.75,7699.92,1.783786,2.542580
5,0.75,7800.12,1.785690,2.545430
5,0.75,7899.95,1.779338,2.537306
5,0.75,7999.92,1.776533,2.531097
5,0.75,8100.36,1.778938,2.531185
5,0.75,8199.71,1.784964,2.542770
5,0.75,8299.63,1.795370,2.554588
5,0.75,8399.49,1.796150,2.558811
5,0.75,8499.66,1.789782,2.544329
5,0.75,8600.35,1.788195,2.545367
5,0.75,8699.58,1.801761,2.565395
5,0.75,8800.13,1.798588,2.564455
5,0.75,8899.75,1.799847,2.567016
5,0.75,9000.23,1.803285,2.574145
5,1.00,98.49,2.704314,2.663352
5,1.00,198.88,2.754175,2.898175
5,1.00,298.77,2.546218,2.903540
5,1.00,399.34,2.571428,2.917251
5,1.00,498.79,2.737234,3.189948
5,1.00,598.54,2.760523,3.202074
5,1.00,698.52,2.683697,3.113966
5,1.00,798.49,2.603729,3.030701
5,1.00,898.42,2.683321,3.122747
5,1.00,999.54,2.653195,3.076538
5,1.00,1098.62,2.604431,3.093289
5,1.00,1198.70,2.522048,3.020149
5,1.00,1300.74,2.543679,3.046665
5,1.00,1398.60,2.548685,3.049272
5,1.00,1499.14,2.512129,2.998432
5,1.00,1598.89,2.477432,2.951665
5,1.00,1698.45,2.463173,2.946183
5,1.00,1798.59,2.431257,2.917166
5,1.00,1898.66,2.443348,2.921335
5,1.00,1998.63,2.422605,2.901071
5,1.00,2100.41,2.412839,2.899283
5,1.00,2198.73,2.408052,2.891676
5,1.00,2298.89,2.424884,2.912509
5,1.00,2399.40,2.423254,2.908627
5,1.00,2498.83,2.424390,2.923810
5,1.00,2598.99,2.451950,2.950281
5,1.00,2698.71,2.453644,2.968026
5,1.00,2798.83,2.453462,2.953475
5,1.00,2898.45,2.438496,2.930290
5,1.00,2998.76,2.452989,2.942375
5,1.00,3098.51,2.457133,2.940693
5,1.00,3200.40,2.437975,2.925565
5,1.00,3298.59,2.455461,2.942083
5,1.00,3399.82,2.459858,2.950982
5,1.00,3498.73,2.445794,2.941619
5,1.00,3598.43,2.446502,2.941386
5,1.00,3698.40,2.440565,2.943001
5,1.00,3799.44,2.442949,2.935433
5,1.00,3898.41,2.458060,2.957566
5,1.00,3998.64,2.465664,2.954542
5,1.00,4098.56,2.472529,2.958774
5,1.00,4198.58,2.475208,2.955735
5,1.00,4298.96,2.488299,2.978035
5,1.00,4399.53,2.488577,2.977585
5,1.00,4498.48,2.471770,2.952523
5,1.00,4598.81,2.484823,2.967338
5,1.00,4699.33,2.486016,2.965879
5,1.00,4798.78,2.481541,2.957133
5,1.00,4898.80,2.497366,2.970884
5,1.00,4998.44,2.489200,2.961001
5,1.00,5099.01,2.472403,2.945514
5,1.00,5198.54,2.478076,2.960105
5,1.00,5299.17,2.472586,2.948394
5,1.00,5398.47,2.472645,2.943441
5,1.00,5498.65,2.471092,2.946156
5,1.00,5599.69,2.459539,2.923509
5,1.00,5700.02,2.453314,2.918182
5,1.00,5798.66,2.455550,2.921400
5,1.00,5898.65,2.460667,2.933429
5,1.00,5998.67,2.461945,2.935478
5,1.00,6098.44,2.477350,2.951929
5,1.00,6200.50,2.485160,2.958193
5,1.00,6302.29,2.483400,2.954156
5,1.00,6399.13,2.476830,2.946016
5,1.00,6498.56,2.468974,2.941299
5,1.00,6600.51,2.477043,2.946962
5,1.00,6698.49,2.475786,2.950370
5,1.00,6798.52,2.470753,2.948476
5,1.00,6898.41,2.473493,2.951086
5,1.00,6998.73,2.466474,2.946771
5,1.00,7098.53,2.459041,2.940630
5,1.00,7198.49,2.457471,2.941484
5,1.00,7298.54,2.464625,2.948879
5,1.00,7400.10,2.465701,2.952496
5,1.00,7499.35,2.460394,2.943740
5,1.00,7598.57,2.453271,2.933797
5,1.00,7698.48,2.447246,2.929115
5,1.00,7799.95,2.446422,2.933429
5,1.00,7898.67,2.441927,2.926412
5,1.00,7998.76,2.436190,2.922392
5,1.00,8098.99,2.433786,2.918450
5,1.00,8198.62,2.431844,2.912748
5,1.00,8298.41,2.429528,2.905913
5,1.00,8398.78,2.434689,2.912878
5,1.00,8498.56,2.439346,2.914512
5,1.00,8598.68,2.444858,2.921829
5,1.00,8698.72,2.440659,2.915489
5,1.00,8798.73,2.454213,2.931175
5,1.00,8898.53,2.444789,2.917007
5,1.00,8999.89,2.447998,2.923919
5,1.25,99.71,3.115570,3.932278
5,1.25,199.76,3.360543,3.995867
5,1.25,299.85,3.228572,3.737736
5,1.25,399.76,3.144531,3.511296
5,1.25,499.75,3.274963,3.677888
5,1.25,599.99,3.187403,3.515468
5,1.25,700.19,3.278089,3.672448
5,1.25,801.12,3.289845,3.775878
5,1.25,899.69,3.229215,3.696300
5,1.25,999.80,3.201192,3.670375
5,1.25,1099.67,3.196988,3.598383
5,1.25,1201.97,3.212374,3.639184
5,1.25,1299.71,3.221724,3.641146
5,1.25,1399.75,3.222380,3.625832
5,1.25,1499.96,3.197793,3.566225
5,1.25,1599.68,3.191228,3.569898
5,1.25,1700.25,3.223334,3.615091
5,1.25,1799.86,3.185845,3.559322
5,1.25,1900.62,3.218037,3.599928
5,1.25,2000.20,3.238124,3.644848
5,1.25,2100.06,3.235353,3.635339
5,1.25,2199.76,3.234939,3.614060
5,1.25,2299.98,3.236910,3.603491
5,1.25,2399.91,3.218473,3.566034
5,1.25,2499.79,3.207900,3.549836
5,1.25,2600.38,3.174718,3.518962
5,1.25,2700.41,3.197986,3.540745
5,1.25,2799.68,3.195788,3.549059
5,1.25,2899.72,3.198715,3.537516
5,1.25,3000.72,3.188182,3.528898
5,1.25,3099.65,3.178783,3.511445
5,1.25,3200.57,3.199406,3.533450
5,1.25,3299.94,3.206134,3.526685
5,1.25,3400.83,3.189399,3.495521
5,1.25,3499.95,3.187687,3.498514
5,1.25,3600.21,3.187488,3.496532
5,1.25,3699.98,3.196886,3.505756
5,1.25,3800.11,3.206191,3.520330
5,1.25,3899.87,3.211484,3.531974
5,1.25,3999.70,3.219851,3.531241
5,1.25,4100.19,3.219604,3.526844
5,1.25,4200.60,3.201074,3.504413
5,1.25,4300.55,3.177452,3.472625
5,1.25,4400.49,3.164831,3.448084
5,1.25,4499.77,3.152422,3.435502
5,1.25,4599.69,3.124292,3.401364
5,1.25,4699.96,3.110027,3.384351
5,1.25,4799.86,3.099332,3.372561
5,1.25,4900.28,3.096560,3.361542
5,1.25,5001.89,3.088410,3.353859
5,1.25,5099.73,3.098438,3.364104
5,1.25,5200.20,3.107216,3.370493
5,1.25,5300.09,3.100164,3.367729
5,1.25,5399.76,3.086761,3.355028
5,1.25,5500.17,3.085219,3.350293
5,1.25,5599.72,3.088149,3.355213
5,1.25,5700.29,3.094529,3.367645
5,1.25,5799.66,3.085002,3.358734
5,1.25,5901.36,3.085785,3.368539
5,1.25,6000.00,3.088476,3.371698
5,1.25,6099.75,3.089987,3.375383
5,1.25,6200.89,3.083971,3.371536
5,1.25,6299.84,3.092080,3.378942
5,1.25,6399.69,3.085771,3.373991
5,1.25,6499.90,3.085647,3.381621
5,1.25,6599.67,3.090672,3.386026
5,1.25,6699.83,3.090739,3.386888
5,1.25,6801.45,3.087759,3.384020
5,1.25,6901.15,3.098851,3.393467
5,1.25,6999.72,3.093301,3.381047
5,1.25,7100.22,3.098229,3.384844
5,1.25,7199.85,3.104139,3.391401
5,1.25,7299.68,3.099489,3.385500
5,1.25,7399.80,3.096883,3.376997
5,1.25,7499.89,3.090567,3.370497
5,1.25,7600.73,3.096591,3.381174
5,1.25,7699.77,3.110706,3.397409
5,1.25,7799.65,3.112370,3.399916
5,1.25,7899.87,3.110593,3.392696
5,1.25,7999.87,3.106808,3.384731
5,1.25,8099.89,3.101010,3.376055
5,1.25,8199.71,3.095506,3.368135
5,1.25,8299.88,3.090308,3.357224
5,1.25,8400.82,3.094359,3.365067
5,1.25,8499.99,3.103254,3.378284
5,1.25,8599.66,3.107245,3.380725
5,1.25,8699.84,3.106713,3.379756
5,1.25,8799.71,3.103545,3.369563
5,1.25,8899.66,3.103231,3.369654
5,1.25,8999.89,3.110569,3.378972
10,0.25,111.64,0.499650,1.859336
10,0.25,198.69,0.392158,1.527801
10,0.25,308.76,0.383217,1.479008
10,0.25,399.57,0.384239,1.490589
10,0.25,498.19,0.359631,1.399732
10,0.25,602.42,0.348950,1.373946
10,0.25,698.55,0.376606,1.453473
10,0.25,802.06,0.369588,1.418338
10,0.25,898.18,0.357119,1.413033
10,0.25,1000.03,0.348002,1.359422
10,0.25,1099.72,0.342534,1.307952
10,0.25,1205.54,0.340389,1.302710
10,0.25,1298.46,0.359598,1.369272
10,0.25,1398.94,0.360360,1.381160
10,0.25,1518.05,0.372047,1.448165
10,0.25,1606.37,0.361517,1.419878
10,0.25,1703.17,0.356090,1.423667
10,0.25,1798.99,0.356252,1.408561
10,0.25,1899.84,0.346604,1.380482
10,0.25,1998.29,0.341892,1.358245
10,0.25,2109.12,0.339518,1.351102
10,0.25,2208.84,0.336448,1.348751
10,0.25,2302.16,0.331677,1.332591
10,0.25,2400.13,0.336226,1.344978
10,0.25,2498.51,0.335833,1.329766
10,0.25,2598.58,0.334626,1.333671
10,0.25,2698.40,0.335685,1.336006
10,0.25,2798.68,0.331133,1.327699
10,0.25,2905.22,0.340820,1.363851
10,0.25,2998.39,0.339456,1.351687
10,0.25,3098.36,0.341092,1.337753
10,0.25,3206.07,0.343372,1.347458
10,0.25,3298.86,0.339903,1.336465
10,0.25,3399.37,0.343654,1.339685
10,0.25,3499.31,0.338607,1.329847
10,0.25,3605.56,0.336508,1.315944
10,0.25,3698.66,0.334533,1.317703
10,0.25,3801.01,0.331053,1.312130
10,0.25,3902.45,0.329723,1.312987
10,0.25,4007.61,0.324501,1.301774
10,0.25,4100.65,0.321934,1.292986
10,0.25,4203.22,0.319669,1.283321
10,0.25,4299.43,0.320262,1.290482
10,0.25,4403.50,0.320871,1.290371
10,0.25,4499.54,0.319289,1.288480
10,0.25,4598.50,0.324778,1.300950
10,0.25,4703.15,0.324085,1.298312
10,0.25,4798.57,0.323952,1.286842
10,0.25,4898.90,0.323361,1.286852
10,0.25,5006.99,0.332502,1.319202
10,0.25,5099.47,0.334249,1.321310
10,0.25,5201.08,0.335214,1.315829
10,0.25,5301.75,0.336057,1.322713
10,0.25,5413.97,0.334970,1.324702
10,0.25,5499.65,0.334154,1.321159
10,0.25,5603.24,0.333689,1.319506
10,0.25,5698.96,0.330084,1.311809
10,0.25,5798.79,0.333545,1.319345
10,0.25,5899.46,0.333636,1.317449
10,0.25,5998.36,0.340097,1.342121
10,0.25,6104.54,0.342697,1.344478
10,0.25,6198.35,0.343821,1.347959
10,0.25,6307.88,0.349038,1.364121
10,0.25,6398.90,0.347205,1.358856
10,0.25,6506.13,0.344400,1.358006
10,0.25,6604.70,0.345660,1.366235
10,0.25,6704.54,0.342484,1.361921
10,0.25,6798.32,0.343452,1.366235
10,0.25,6898.59,0.343733,1.366728
10,0.25,6998.21,0.343894,1.368186
10,0.25,7099.69,0.341818,1.362607
10,0.25,7198.69,0.343199,1.366475
10,0.25,7304.67,0.339959,1.361452
10,0.25,7401.42,0.340098,1.358449
10,0.25,7498.40,0.340473,1.357980
10,0.25,7598.89,0.339345,1.359328
10,0.25,7699.16,0.341234,1.366206
10,0.25,7798.63,0.343209,1.366988
10,0.25,7912.19,0.341147,1.358440
10,0.25,7998.34,0.340718,1.354463
10,0.25,8105.81,0.339917,1.351962
10,0.25,8204.18,0.340806,1.357956
10,0.25,8300.44,0.338791,1.350029
10,0.25,8400.19,0.342044,1.357861
10,0.25,8501.36,0.342731,1.357094
10,0.25,8600.38,0.344037,1.361015
10,0.25,8698.19,0.342196,1.357886
10,0.25,8806.94,0.341146,1.355801
10,0.25,8898.37,0.341504,1.354807
10,0.25,9003.63,0.340121,1.349636
10,0.50,98.84,0.518316,0.985165
10,0.50,198.91,0.876274,1.760578
10,0.50,299.34,0.931815,2.036009
10,0.50,399.04,0.858621,1.852000
10,0.50,498.61,0.834848,1.786556
10,0.50,608.26,0.819222,1.748418
10,0.50,701.21,0.807331,1.705152
10,0.50,800.11,0.879516,1.827824
10,0.50,901.05,0.885169,1.854847
10,0.50,999.78,0.860259,1.826048
10,0.50,1106.38,0.832053,1.743490
10,0.50,1201.28,0.836462,1.726505
10,0.50,1298.70,0.822306,1.684434
10,0.50,1400.42,0.886602,1.809934
10,0.50,1498.63,0.876290,1.801424
10,0.50,1602.37,0.851180,1.750838
10,0.50,1699.97,0.838041,1.733142
10,0.50,1801.49,0.830319,1.727265
10,0.50,1898.55,0.816710,1.700179
10,0.50,1999.01,0.813665,1.682032
10,0.50,2099.12,0.886472,1.810129
10,0.50,2199.50,0.900279,1.826722
10,0.50,2300.03,0.903775,1.837940
10,0.50,2399.24,0.892188,1.824870
10,0.50,2498.58,0.878267,1.794290
10,0.50,2599.56,0.874519,1.790051
10,0.50,2699.79,0.892319,1.816802
10,0.50,2802.62,0.877818,1.795760
10,0.50,2898.65,0.873658,1.805009
10,0.50,2998.75,0.884695,1.835971
10,0.50,3099.38,0.887453,1.844770
10,0.50,3199.10,0.879723,1.828671
10,0.50,3299.23,0.952071,1.959513
10,0.50,3400.20,0.990881,2.036996
10,0.50,3501.99,0.986868,2.018694
10,0.50,3599.84,0.999502,2.032792
10,0.50,3699.48,1.004409,2.034933
10,0.50,3798.90,0.996168,2.023712
10,0.50,3899.24,0.996778,2.022204
10,0.50,3999.16,0.996520,2.021942
10,0.50,4099.58,0.983418,1.997818
10,0.50,4199.02,0.969106,1.982119
10,0.50,4298.80,0.981296,2.004943
10,0.50,4399.28,0.986134,2.005679
10,0.50,4500.43,0.988853,2.003721
10,0.50,4599.47,0.978075,1.994958
10,0.50,4702.06,0.982328,2.002153
10,0.50,4800.45,0.993055,2.019107
10,0.50,4900.95,0.997956,2.027750
10,0.50,4998.60,0.990268,2.013814
10,0.50,5098.74,0.985794,2.005709
10,0.50,5201.19,0.981238,2.001414
10,0.50,5298.63,0.971448,1.976705
10,0.50,5398.80,0.974412,1.990411
10,0.50,5498.71,0.970944,1.984735
10,0.50,5602.90,0.966269,1.979493
10,0.50,5698.59,0.958485,1.964048
10,0.50,5800.62,0.958605,1.963456
10,0.50,5898.61,0.980805,1.996337
10,0.50,6001.65,0.981627,1.997755
10,0.50,6099.23,0.978689,1.989750
10,0.50,6198.62,0.976401,1.983073
10,0.50,6300.10,0.980131,1.989983
10,0.50,6399.74,0.974174,1.980453
10,0.50,6499.58,0.974271,1.980097
10,0.50,6598.62,0.988061,2.002409
10,0.50,6699.84,0.988226,2.001500
10,0.50,6800.62,0.985714,2.002830
10,0.50,6899.22,0.982255,1.995522
10,0.50,7000.41,0.982586,1.990307
10,0.50,7100.23,0.982103,1.990623
10,0.50,7198.60,0.984219,1.997464
10,0.50,7300.30,0.984092,1.997266
10,0.50,7400.18,0.986348,2.004711
10,0.50,7498.61,0.989754,2.004803
10,0.50,7598.95,0.991205,2.012860
10,0.50,7699.89,1.025406,2.076674
10,0.50,7798.55,1.020657,2.066368
10,0.50,7898.58,1.018735,2.065339
10,0.50,7998.86,1.014022,2.059156
10,0.50,8099.60,1.009925,2.052180
10,0.50,8198.55,1.012279,2.053247
10,0.50,8301.00,1.008772,2.041897
10,0.50,8399.47,1.008234,2.037688
10,0.50,8498.59,1.011637,2.040703
10,0.50,8600.50,1.045929,2.098814
10,0.50,8700.79,1.050507,2.106045
10,0.50,8800.40,1.046682,2.098228
10,0.50,8901.91,1.060438,2.119902
10,0.50,8999.38,1.061658,2.122698
10,0.75,100.90,1.634536,2.356116
10,0.75,199.22,1.459394,2.047498
10,0.75,299.23,1.950735,2.677575
10,0.75,404.62,1.767266,2.407621
10,0.75,499.88,1.791515,2.400936
10,0.75,599.40,1.842193,2.481365
10,0.75,699.53,1.896693,2.611798
10,0.75,799.86,1.988980,2.673788
10,0.75,899.71,2.343978,3.142924
10,0.75,999.20,2.649775,3.483755
10,0.75,1099.40,2.646138,3.479870
10,0.75,1199.40,2.547592,3.398874
10,0.75,1299.17,2.463607,3.286078
10,0.75,1400.16,2.437492,3.269038
10,0.75,1500.28,2.480275,3.310585
10,0.75,1599.36,2.437170,3.300509
10,0.75,1699.28,2.488985,3.372801
10,0.75,1799.20,2.576360,3.501047
10,0.75,1899.25,2.605122,3.549346
10,0.75,1999.18,2.543454,3.456716
10,0.75,2099.34,2.506047,3.409616
10,0.75,2199.34,2.457866,3.345097
10,0.75,2301.53,2.488686,3.379231
10,0.75,2400.43,2.534911,3.422316
10,0.75,2499.58,2.618215,3.527998
10,0.75,2602.08,2.571392,3.465028
10,0.75,2699.77,2.578378,3.480514
10,0.75,2801.22,2.623455,3.538216
10,0.75,2900.91,2.610076,3.511868
10,0.75,2999.27,2.621439,3.522580
10,0.75,3099.88,2.628971,3.543259
10,0.75,3200.56,2.624922,3.529920
10,0.75,3299.23,2.658616,3.571409
10,0.75,3399.34,2.672660,3.585351
10,0.75,3499.42,2.682049,3.609853
10,0.75,3600.56,2.644155,3.557710
10,0.75,3700.30,2.616505,3.521953
10,0.75,3799.17,2.598035,3.493937
10,0.75,3899.29,2.580581,3.466223
10,0.75,4000.03,2.575901,3.458774
10,0.75,4099.31,2.572769,3.453366
10,0.75,4199.26,2.592659,3.481688
10,0.75,4299.18,2.586731,3.465509
10,0.75,4401.68,2.580581,3.462020
10,0.75,4499.80,2.553745,3.443611
10,0.75,4599.35,2.571250,3.475194
10,0.75,4699.41,2.553280,3.449946
10,0.75,4799.57,2.570503,3.468462
10,0.75,4899.90,2.552401,3.446268
10,0.75,4999.82,2.581417,3.487332
10,0.75,5100.31,2.572528,3.474758
10,0.75,5199.78,2.607346,3.515983
10,0.75,5299.16,2.612032,3.505974
10,0.75,5399.84,2.610539,3.503102
10,0.75,5500.02,2.637297,3.538713
10,0.75,5600.04,2.638706,3.531754
10,0.75,5699.30,2.635023,3.528618
10,0.75,5799.65,2.621536,3.512126
10,0.75,5899.38,2.621403,3.512299
10,0.75,5999.65,2.617397,3.500553
10,0.75,6099.59,2.628320,3.513408
10,0.75,6199.75,2.652730,3.542924
10,0.75,6300.08,2.666592,3.552492
10,0.75,6399.23,2.697063,3.596403
10,0.75,6499.44,2.711692,3.622710
10,0.75,6599.29,2.734279,3.657137
10,0.75,6699.26,2.759657,3.678406
10,0.75,6799.26,2.779786,3.696554
10,0.75,6900.08,2.769594,3.690695
10,0.75,6999.36,2.755035,3.677946
10,0.75,7099.25,2.775145,3.694943
10,0.75,7199.83,2.765629,3.683325
10,0.75,7299.82,2.752422,3.669806
10,0.75,7400.12,2.747921,3.667259
10,0.75,7499.37,2.744584,3.655888
10,0.75,7600.26,2.733813,3.643292
10,0.75,7699.63,2.722736,3.622610
10,0.75,7800.35,2.713975,3.608312
10,0.75,7903.69,2.689543,3.581085
10,0.75,7999.58,2.677746,3.571332
10,0.75,8100.47,2.665232,3.555021
10,0.75,8199.87,2.677494,3.569934
10,0.75,8299.65,2.671148,3.560238
10,0.75,8399.52,2.684621,3.580428
10,0.75,8499.56,2.727577,3.640579
10,0.75,8601.64,2.731654,3.647992
10,0.75,8699.18,2.726724,3.643104
10,0.75,8802.39,2.708510,3.624961
10,0.75,8901.25,2.710901,3.635192
10,0.75,8999.66,2.720132,3.647782
10,1.00,100.30,6.073615,5.746736
10,1.00,200.52,5.884015,5.513276
10,1.00,299.79,5.524761,5.633619
10,1.00,401.73,5.544921,5.800899
10,1.00,500.96,5.870448,5.989491
10,1.00,599.96,6.089980,6.321351
10,1.00,699.95,6.391535,6.768143
10,1.00,800.91,6.312626,6.678825
10,1.00,900.20,5.866539,6.220341
10,1.00,1001.03,5.965522,6.469830
10,1.00,1100.10,5.865475,6.388696
10,1.00,1200.08,5.951082,6.492528
10,1.00,1299.83,6.060608,6.619973
10,1.00,1399.94,6.082606,6.631818
10,1.00,1502.33,5.906973,6.491770
10,1.00,1600.08,5.797153,6.349002
10,1.00,1700.67,5.548581,6.139421
10,1.00,1800.32,5.517695,6.083056
10,1.00,1899.79,5.379669,5.938540
10,1.00,2001.42,5.309687,5.877712
10,1.00,2100.07,5.440494,6.032425
10,1.00,2200.96,5.497862,6.117571
10,1.00,2301.03,5.529915,6.147113
10,1.00,2400.53,5.608869,6.236330
10,1.00,2500.91,5.579272,6.193199
10,1.00,2599.85,5.615811,6.207595
10,1.00,2700.55,5.637174,6.221284
10,1.00,2800.27,5.557731,6.117589
10,1.00,2900.52,5.547437,6.104117
10,1.00,3000.19,5.483090,6.032388
10,1.00,3100.27,5.501773,6.055011
10,1.00,3199.87,5.497689,6.039101
10,1.00,3299.80,5.519329,6.093229
10,1.00,3401.61,5.473379,6.054731
10,1.00,3499.88,5.389788,5.965718
10,1.00,3600.18,5.387185,5.952994
10,1.00,3700.95,5.378280,5.955940
10,1.00,3799.97,5.370370,5.911721
10,1.00,3900.73,5.394289,5.925555
10,1.00,4000.41,5.325136,5.845980
10,1.00,4100.55,5.285061,5.800759
10,1.00,4200.04,5.268434,5.777453
10,1.00,4300.50,5.275019,5.779676
10,1.00,4400.71,5.292335,5.792096
10,1.00,4500.98,5.281188,5.770939
10,1.00,4599.77,5.250700,5.738186
10,1.00,4700.28,5.253115,5.739450
10,1.00,4799.83,5.230587,5.733253
10,1.00,4899.86,5.274881,5.787325
10,1.00,5000.88,5.235846,5.738297
10,1.00,5099.77,5.203376,5.685883
10,1.00,5201.24,5.151899,5.637759
10,1.00,5299.79,5.172928,5.665516
10,1.00,5399.83,5.185563,5.664813
10,1.00,5499.78,5.200417,5.684987
10,1.00,5600.43,5.178051,5.671687
10,1.00,5703.39,5.209248,5.710238
10,1.00,5799.89,5.168254,5.661062
10,1.00,5899.93,5.162064,5.638923
10,1.00,6000.55,5.174099,5.649101
10,1.00,6100.29,5.170363,5.651449
10,1.00,6199.77,5.186662,5.673271
10,1.00,6300.21,5.215558,5.693833
10,1.00,6399.83,5.257524,5.756590
10,1.00,6499.90,5.244740,5.747814
10,1.00,6600.31,5.255552,5.758343
10,1.00,6700.52,5.291038,5.793868
10,1.00,6799.89,5.269877,5.789105
10,1.00,6899.87,5.262338,5.775320
10,1.00,7000.31,5.291771,5.809917
10,1.00,7100.36,5.303568,5.832907
10,1.00,7200.39,5.333145,5.864497
10,1.00,7299.85,5.320549,5.849278
10,1.00,7400.01,5.320295,5.863030
10,1.00,7499.90,5.307828,5.853279
10,1.00,7599.83,5.284849,5.827623
10,1.00,7700.38,5.282795,5.832189
10,1.00,7800.20,5.249205,5.793810
10,1.00,7899.95,5.209959,5.745170
10,1.00,8000.98,5.219511,5.748273
10,1.00,8099.86,5.219831,5.743774
10,1.00,8199.77,5.194322,5.710181
10,1.00,8301.92,5.214969,5.731299
10,1.00,8400.01,5.203835,5.717758
10,1.00,8500.71,5.157238,5.672900
10,1.00,8599.97,5.175742,5.693431
10,1.00,8700.37,5.157179,5.678228
10,1.00,8799.85,5.155252,5.669265
10,1.00,8900.20,5.179178,5.690128
10,1.00,8999.83,5.163587,5.667245
10,1.25,99.23,7.223977,8.145627
10,1.25,199.42,8.005222,9.070427
10,1.25,299.54,7.833474,8.626588
10,1.25,399.62,7.716883,8.223620
10,1.25,500.27,7.883785,8.611408
10,1.25,599.75,7.656560,8.156391
10,1.25,701.49,7.401320,7.902513
10,1.25,799.25,7.421277,8.059026
10,1.25,899.37,7.392291,7.933659
10,1.25,999.38,7.107684,7.508738
10,1.25,1099.66,7.001972,7.298397
10,1.25,1199.28,6.953411,7.226219
10,1.25,1299.60,6.789703,7.030972
10,1.25,1399.31,6.714126,6.908217
10,1.25,1499.56,6.664474,6.826342
10,1.25,1599.30,6.769678,6.975985
10,1.25,1700.08,6.719017,6.914574
10,1.25,1799.18,6.668266,6.851738
10,1.25,1899.32,6.609694,6.771260
10,1.25,2000.63,6.591554,6.735078
10,1.25,2099.25,6.662994,6.803141
10,1.25,2199.51,6.744645,6.890341
10,1.25,2299.47,6.786966,6.930035
10,1.25,2399.57,6.838882,6.980160
10,1.25,2499.55,6.826163,6.972765
10,1.25,2599.59,6.838892,6.960973
10,1.25,2700.37,6.846030,6.997279
10,1.25,2800.78,6.848445,6.985063
10,1.25,2899.21,6.817262,6.947167
10,1.25,2999.29,6.787356,6.928937
10,1.25,3099.66,6.815432,6.949191
10,1.25,3199.44,6.849235,6.958950
10,1.25,3300.55,6.803884,6.888514
10,1.25,3400.67,6.830554,6.923536
10,1.25,3499.75,6.837490,6.934077
10,1.25,3599.49,6.860769,6.950547
10,1.25,3699.80,6.905345,7.001477
10,1.25,3799.83,6.952968,7.058542
10,1.25,3899.64,6.923068,7.005050
10,1.25,3999.21,6.932154,7.032769
10,1.25,4099.20,6.850137,6.945366
10,1.25,4199.58,6.870992,6.948063
10,1.25,4299.28,6.829619,6.892593
10,1.25,4399.46,6.823507,6.883677
10,1.25,4499.68,6.778682,6.819120
10,1.25,4599.41,6.814241,6.864104
10,1.25,4699.23,6.810174,6.857210
10,1.25,4799.25,6.804553,6.843406
10,1.25,4899.36,6.835407,6.858310
10,1.25,4999.59,6.865308,6.885395
10,1.25,5099.37,6.851870,6.886131
10,1.25,5200.10,6.864371,6.905676
10,1.25,5299.36,6.835693,6.863362
10,1.25,5399.21,6.836924,6.875398
10,1.25,5499.44,6.866141,6.917011
10,1.25,5599.41,6.861593,6.913963
10,1.25,5699.29,6.880978,6.950847
10,1.25,5800.94,6.859350,6.918917
10,1.25,5899.35,6.872135,6.936042
10,1.25,5999.27,6.870406,6.936620
10,1.25,6099.24,6.887505,6.943562
10,1.25,6200.62,6.891878,6.961053
10,1.25,6299.64,6.873488,6.936957
10,1.25,6399.94,6.853624,6.918422
10,1.25,6499.20,6.883472,6.948909
10,1.25,6600.08,6.875022,6.935003
10,1.25,6699.31,6.901933,6.975142
10,1.25,6799.53,6.919028,6.985323
10,1.25,6899.90,6.879433,6.931574
10,1.25,6999.21,6.898516,6.962384
10,1.25,7099.29,6.891531,6.947596
10,1.25,7199.46,6.911990,6.966627
10,1.25,7299.40,6.904613,6.977642
10,1.25,7399.20,6.922347,6.988653
10,1.25,7499.31,6.930677,7.011371
10,1.25,7600.18,6.942683,7.008319
10,1.25,7699.53,6.960889,7.024318
10,1.25,7799.34,6.939682,6.989279
10,1.25,7900.09,6.945935,6.992035
10,1.25,7999.24,6.949265,6.993189
10,1.25,8099.23,6.962700,7.013991
10,1.25,8199.27,6.959075,7.014055
10,1.25,8299.33,6.976097,7.030591
10,1.25,8399.30,6.990077,7.051616
10,1.25,8499.26,7.008021,7.062243
10,1.25,8599.42,7.003068,7.056750
10,1.25,8699.94,7.022212,7.083228
10,1.25,8799.94,7.007618,7.063760
10,1.25,8899.21,7.008552,7.077112
10,1.25,8999.50,7.024972,7.097130
50,0.25,111.64,0.499650,1.859336
50,0.25,198.69,0.392158,1.527801
50,0.25,308.76,0.383217,1.479008
50,0.25,399.57,0.384239,1.490589
50,0.25,498.19,0.359631,1.399732
50,0.25,602.42,0.348950,1.373946
50,0.25,698.55,0.376606,1.453473
50,0.25,802.06,0.369588,1.418338
50,0.25,898.18,0.357119,1.413033
50,0.25,1000.03,0.348002,1.359422
50,0.25,1099.72,0.342534,1.307952
50,0.25,1205.54,0.340389,1.302710
50,0.25,1298.46,0.359598,1.369272
50,0.25,1398.94,0.360360,1.381160
50,0.25,1518.05,0.372047,1.448165
50,0.25,1606.37,0.361517,1.419878
50,0.25,1703.17,0.356090,1.423667
50,0.25,1798.99,0.356252,1.408561
50,0.25,1899.84,0.346604,1.380482
50,0.25,1998.29,0.341892,1.358245
50,0.25,2109.12,0.339518,1.351102
50,0.25,2208.84,0.336448,1.348751
50,0.25,2302.16,0.331677,1.332591
50,0.25,2400.13,0.336226,1.344978
50,0.25,2498.51,0.335833,1.329766
50,0.25,2598.58,0.334626,1.333671
50,0.25,2698.40,0.335685,1.336006
50,0.25,2798.68,0.331133,1.327699
50,0.25,2905.22,0.340820,1.363851
50,0.25,2998.39,0.339456,1.351687
50,0.25,3098.36,0.341092,1.337753
50,0.25,3206.07,0.343372,1.347458
50,0.25,3298.86,0.339903,1.336465
50,0.25,3399.37,0.343654,1.339685
50,0.25,3499.31,0.338607,1.329847
50,0.25,3605.56,0.336508,1.315944
50,0.25,3698.66,0.334533,1.317703
50,0.25,3801.01,0.331053,1.312130
50,0.25,3902.45,0.329723,1.312987
50,0.25,4007.61,0.324501,1.301774
50,0.25,4100.65,0.321934,1.292986
50,0.25,4203.22,0.319669,1.283321
50,0.25,4299.43,0.320262,1.290482
50,0.25,4403.50,0.320871,1.290371
50,0.25,4499.54,0.319289,1.288480
50,0.25,4598.50,0.324778,1.300950
50,0.25,4703.15,0.324085,1.298312
50,0.25,4798.57,0.323952,1.286842
50,0.25,4898.90,0.323361,1.286852
50,0.25,5006.99,0.332502,1.319202
50,0.25,5099.47,0.334249,1.321310
50,0.25,5201.08,0.335214,1.315829
50,0.25,5301.75,0.336057,1.322713
50,0.25,5413.97,0.334970,1.324702
50,0.25,5499.65,0.334154,1.321159
50,0.25,5603.24,0.333689,1.319506
50,0.25,5698.96,0.330084,1.311809
50,0.25,5798.79,0.333545,1.319345
50,0.25,5899.46,0.333636,1.317449
50,0.25,5998.36,0.340097,1.342121
50,0.25,6104.54,0.342697,1.344478
50,0.25,6198.35,0.343821,1.347959
50,0.25,6307.88,0.349038,1.364121
50,0.25,6398.90,0.347205,1.358856
50,0.25,6506.13,0.344400,1.358006
50,0.25,6604.70,0.345660,1.366235
50,0.25,6704.54,0.342484,1.361921
50,0.25,6798.32,0.343452,1.366235
50,0.25,6898.59,0.343733,1.366728
50,0.25,6998.21,0.343894,1.368186
50,0.25,7099.69,0.341818,1.362607
50,0.25,7198.69,0.343199,1.366475
50,0.25,7304.67,0.339959,1.361452
50,0.25,7401.42,0.340098,1.358449
50,0.25,7498.40,0.340473,1.357980
50,0.25,7598.89,0.339345,1.359328
50,0.25,7699.16,0.341234,1.366206
50,0.25,7798.63,0.343209,1.366988
50,0.25,7912.19,0.341147,1.358440
50,0.25,7998.34,0.340718,1.354463
50,0.25,8105.81,0.339917,1.351962
50,0.25,8204.18,0.340806,1.357956
50,0.25,8300.44,0.338791,1.350029
50,0.25,8400.19,0.342044,1.357861
50,0.25,8501.36,0.342731,1.357094
50,0.25,8600.38,0.344037,1.361015
50,0.25,8698.19,0.342196,1.357886
50,0.25,8806.94,0.341146,1.355801
50,0.25,8898.37,0.341504,1.354807
50,0.25,9003.63,0.340121,1.349636
50,0.50,98.84,0.518316,0.985165
50,0.50,198.91,0.876274,1.760578
50,0.50,299.34,0.931815,2.036009
50,0.50,399.04,0.858621,1.852000
50,0.50,498.61,0.834848,1.786556
50,0.50,608.26,0.819222,1.748418
50,0.50,701.21,0.807331,1.705152
50,0.50,800.11,0.879516,1.827824
50,0.50,901.05,0.885169,1.854847
50,0.50,999.78,0.860259,1.826048
50,0.50,1106.38,0.832053,1.743490
50,0.50,1201.28,0.836462,1.726505
50,0.50,1298.70,0.822306,1.684434
50,0.50,1400.42,0.886602,1.809934
50,0.50,1498.63,0.876290,1.801424
50,0.50,1602.37,0.851180,1.750838
50,0.50,1699.97,0.838041,1.733142
50,0.50,1801.49,0.830319,1.727265
50,0.50,1898.55,0.816710,1.700179
50,0.50,1999.01,0.813665,1.682032
50,0.50,2099.12,0.886472,1.810129
50,0.50,2199.50,0.900279,1.826722
50,0.50,2300.03,0.903775,1.837940
50,0.50,2399.24,0.892188,1.824870
50,0.50,2498.58,0.878267,1.794290
50,0.50,2599.56,0.874519,1.790051
50,0.50,2699.79,0.892319,1.816802
50,0.50,2802.62,0.877818,1.795760
50,0.50,2898.65,0.873658,1.805009
50,0.50,2998.75,0.884695,1.835971
50,0.50,3099.38,0.887453,1.844770
50,0.50,3199.10,0.879723,1.828671
50,0.50,3298.58,0.967194,1.986533
50,0.50,3398.73,0.972324,1.997982
50,0.50,3499.37,0.979044,1.994199
50,0.50,3598.83,0.971992,1.976289
50,0.50,3699.49,0.967041,1.968937
50,0.50,3798.96,1.002973,2.025654
50,0.50,3898.91,0.993013,2.014397
50,0.50,3998.73,1.007362,2.038547
50,0.50,4099.17,1.001611,2.020556
50,0.50,4206.71,1.024453,2.064963
50,0.50,4300.56,1.021087,2.049114
50,0.50,4399.49,1.020868,2.051756
50,0.50,4505.21,1.018787,2.050870
50,0.50,4601.69,1.016030,2.051538
50,0.50,4699.20,1.013358,2.047280
50,0.50,4799.17,1.011371,2.044540
50,0.50,4899.61,1.002602,2.030741
50,0.50,5000.28,0.997322,2.018981
50,0.50,5098.59,0.986434,2.004552
50,0.50,5198.58,0.983557,2.001997
50,0.50,5308.10,0.977840,1.987165
50,0.50,5402.10,0.975659,1.989659
50,0.50,5498.79,0.976970,1.989684
50,0.50,5599.43,0.988747,2.011780
50,0.50,5699.38,0.995328,2.018053
50,0.50,5798.76,0.993675,2.013306
50,0.50,5901.86,0.992499,2.008777
50,0.50,5999.31,0.991913,2.003634
50,0.50,6098.62,0.993675,2.001338
50,0.50,6198.60,1.002424,2.018065
50,0.50,6300.50,1.011906,2.029125
50,0.50,6399.54,1.013781,2.026782
50,0.50,6498.56,1.055738,2.100024
50,0.50,6598.62,1.058291,2.103392
50,0.50,6699.60,1.053403,2.101035
50,0.50,6800.94,1.046819,2.088400
50,0.50,6898.75,1.046032,2.083232
50,0.50,6999.45,1.049983,2.087277
50,0.50,7100.10,1.049562,2.087978
50,0.50,7199.29,1.049573,2.091965
50,0.50,7305.75,1.047517,2.091526
50,0.50,7399.26,1.047537,2.088655
50,0.50,7499.44,1.042522,2.082667
50,0.50,7599.25,1.064700,2.118596
50,0.50,7698.75,1.064714,2.112076
50,0.50,7798.70,1.061883,2.112577
50,0.50,7898.75,1.064916,2.119833
50,0.50,7999.05,1.061014,2.110696
50,0.50,8098.76,1.055879,2.100541
50,0.50,8202.92,1.063410,2.109569
50,0.50,8299.28,1.063479,2.104963
50,0.50,8398.90,1.087874,2.144823
50,0.50,8499.51,1.106356,2.178245
50,0.50,8599.11,1.107867,2.182513
50,0.50,8698.82,1.108065,2.176797
50,0.50,8800.22,1.119353,2.201242
50,0.50,8899.54,1.119122,2.195210
50,0.50,8998.94,1.114736,2.187883
50,0.75,99.77,1.631753,2.325822
50,0.75,199.76,1.448275,2.009122
50,0.75,300.37,1.976662,2.723493
50,0.75,403.19,1.767009,2.406875
50,0.75,500.26,1.788209,2.398324
50,0.75,601.27,1.823497,2.480582
50,0.75,699.76,1.833445,2.545594
50,0.75,799.98,1.732130,2.431011
50,0.75,899.89,1.901862,2.665831
50,0.75,1000.22,1.816969,2.541784
50,0.75,1099.91,2.269735,3.144210
50,0.75,1200.01,2.433365,3.348697
50,0.75,1300.25,2.355368,3.251140
50,0.75,1401.28,2.319168,3.211277
50,0.75,1499.88,2.351835,3.239186
50,0.75,1600.45,2.388251,3.297911
50,0.75,1700.03,2.516232,3.494827
50,0.75,1799.87,2.526128,3.489409
50,0.75,1900.15,2.534269,3.489484
50,0.75,2000.08,2.523598,3.473778
50,0.75,2099.87,2.513334,3.431513
50,0.75,2200.74,2.456071,3.374009
50,0.75,2300.10,2.455871,3.368371
50,0.75,2399.80,2.503577,3.411745
50,0.75,2500.10,2.547932,3.473334
50,0.75,2601.76,2.576594,3.491504
50,0.75,2702.86,2.519191,3.421621
50,0.75,2801.36,2.608358,3.528225
50,0.75,2900.11,2.581900,3.507167
50,0.75,3000.80,2.557868,3.474723
50,0.75,3100.10,2.625994,3.547206
50,0.75,3200.19,2.596767,3.516782
50,0.75,3300.00,2.545211,3.472174
50,0.75,3401.83,2.560972,3.483407
50,0.75,3500.27,2.773053,3.741875
50,0.75,3600.23,2.946858,3.967598
50,0.75,3700.33,2.891304,3.906085
50,0.75,3800.48,2.876087,3.873320
50,0.75,3899.80,2.848634,3.836019
50,0.75,4000.14,2.845898,3.827836
50,0.75,4099.75,2.836604,3.809165
50,0.75,4202.24,2.812772,3.794520
50,0.75,4300.17,2.828842,3.800220
50,0.75,4401.69,2.802668,3.770317
50,0.75,4502.33,2.804373,3.775778
50,0.75,4600.60,2.822750,3.815027
50,0.75,4699.75,2.792505,3.773457
50,0.75,4800.06,2.798592,3.782997
50,0.75,4900.11,2.773298,3.749851
50,0.75,4999.99,2.830669,3.825218
50,0.75,5100.58,2.808998,3.798386
50,0.75,5200.28,2.798717,3.768543
50,0.75,5299.90,3.076066,4.118957
50,0.75,5399.84,3.119137,4.162840
50,0.75,5500.07,3.123351,4.166542
50,0.75,5599.79,3.107028,4.137624
50,0.75,5700.26,3.095425,4.128388
50,0.75,5800.02,3.079808,4.103594
50,0.75,5903.57,3.072925,4.096009
50,0.75,5999.88,3.047319,4.055798
50,0.75,6099.94,3.051954,4.063013
50,0.75,6199.76,3.180434,4.215934
50,0.75,6301.95,3.203259,4.237357
50,0.75,6400.00,3.227391,4.268507
50,0.75,6501.43,3.339608,4.412157
50,0.75,6599.82,3.348365,4.419719
50,0.75,6699.75,3.361976,4.426095
50,0.75,6799.95,3.377984,4.440387
50,0.75,6900.08,3.341516,4.407709
50,0.75,7000.27,3.320605,4.386702
50,0.75,7101.62,3.364459,4.430390
50,0.75,7202.38,3.410291,4.487070
50,0.75,7303.17,3.404573,4.484877
50,0.75,7401.74,3.397449,4.473768
50,0.75,7500.30,3.384174,4.450698
50,0.75,7604.12,3.383570,4.456020
50,0.75,7700.76,3.363627,4.427773
50,0.75,7800.75,3.338041,4.394063
50,0.75,7901.08,3.371500,4.426467
50,0.75,8001.01,3.401215,4.469230
50,0.75,8101.49,3.390600,4.458513
50,0.75,8200.47,3.366088,4.424349
50,0.75,8300.61,3.340040,4.400695
50,0.75,8400.46,3.340554,4.400530
50,0.75,8499.98,3.337351,4.400778
50,0.75,8600.13,3.352895,4.417854
50,0.75,8699.94,3.340025,4.406737
50,0.75,8801.49,3.318276,4.379992
50,0.75,8900.78,3.316062,4.387622
50,0.75,8999.86,3.317755,4.387851
50,1.00,99.96,8.938170,8.197131
50,1.00,199.99,10.188246,9.521321
50,1.00,300.71,16.096859,15.221548
50,1.00,400.24,20.371095,19.412917
50,1.00,500.23,22.638585,21.819725
50,1.00,600.56,24.870045,23.859484
50,1.00,700.52,25.591866,24.899522
50,1.00,800.02,26.345326,25.547653
50,1.00,900.32,28.020136,27.361262
50,1.00,1000.51,29.169665,29.126192
50,1.00,1100.05,28.992541,29.530780
50,1.00,1200.50,27.026888,27.755127
50,1.00,1300.13,25.173205,25.649205
50,1.00,1401.62,23.521400,24.223361
50,1.00,1500.05,22.437734,23.069078
50,1.00,1601.61,21.347574,21.931073
50,1.00,1700.10,20.333072,21.001312
50,1.00,1800.12,19.557644,20.163920
50,1.00,1899.99,18.660036,19.363134
50,1.00,2000.36,18.006240,18.759916
50,1.00,2100.16,17.893056,18.584746
50,1.00,2200.10,17.678535,18.260373
50,1.00,2300.30,17.236824,17.981814
50,1.00,2400.06,16.823753,17.502386
50,1.00,2500.24,16.391502,17.047719
50,1.00,2600.65,16.028302,16.640342
50,1.00,2700.19,16.084309,16.557617
50,1.00,2800.52,16.387767,16.841941
50,1.00,2901.15,17.203800,17.623887
50,1.00,3000.17,17.867763,18.352066
50,1.00,3100.86,18.719021,19.150472
50,1.00,3200.28,19.484142,20.017561
50,1.00,3299.97,19.820445,20.458800
50,1.00,3400.14,19.957869,20.594673
50,1.00,3500.38,20.401888,20.985678
50,1.00,3600.01,20.704010,21.301709
50,1.00,3700.24,20.994002,21.489039
50,1.00,3800.31,20.862913,21.353519
50,1.00,3900.37,20.586306,21.008453
50,1.00,4000.60,20.420753,20.851265
50,1.00,4099.95,20.160732,20.597541
50,1.00,4200.35,20.255407,20.610393
50,1.00,4300.01,20.653494,20.970532
50,1.00,4400.10,21.241186,21.590046
50,1.00,4500.20,21.769711,22.104711
50,1.00,4600.90,22.108169,22.454171
50,1.00,4700.27,22.357701,22.726475
50,1.00,4800.56,22.673367,23.079907
50,1.00,4900.27,22.770796,23.097302
50,1.00,5000.17,22.991976,23.305043
50,1.00,5101.13,23.376141,23.673746
50,1.00,5199.95,23.737452,23.986312
50,1.00,5300.23,24.101134,24.382797
50,1.00,5400.02,24.378364,24.721815
50,1.00,5500.25,24.652643,24.930253
50,1.00,5600.05,25.001089,25.285755
50,1.00,5700.30,25.395187,25.703180
50,1.00,5801.13,25.650873,25.951173
50,1.00,5900.02,25.817691,26.132244
50,1.00,6000.49,26.080712,26.390744
50,1.00,6099.96,26.427266,26.764929
50,1.00,6200.42,26.762164,27.180471
50,1.00,6300.39,26.810014,27.288118
50,1.00,6400.64,26.749594,27.237416
50,1.00,6500.28,26.798880,27.304120
50,1.00,6600.28,26.859471,27.358028
50,1.00,6700.04,26.834197,27.390346
50,1.00,6800.67,26.539207,27.095703
50,1.00,6900.28,26.419446,26.995652
50,1.00,7000.17,26.343828,26.842976
50,1.00,7101.01,26.433508,26.965171
50,1.00,7200.74,26.282214,26.867023
50,1.00,7300.06,26.200777,26.724517
50,1.00,7399.98,26.371072,26.898043
50,1.00,7500.19,26.500594,27.001687
50,1.00,7601.08,26.622819,27.082750
50,1.00,7700.05,26.734529,27.226181
50,1.00,7800.41,26.874682,27.303159
50,1.00,7900.29,27.102783,27.546625
50,1.00,8000.32,27.271014,27.733181
50,1.00,8100.19,27.454941,27.875422
50,1.00,8200.30,27.644341,28.083741
50,1.00,8300.10,27.583439,28.091462
50,1.00,8400.46,27.448377,27.928647
50,1.00,8499.97,27.329280,27.770229
50,1.00,8600.10,27.098389,27.524356
50,1.00,8699.94,27.037001,27.395808
50,1.00,8800.19,27.149289,27.487225
50,1.00,8900.19,27.329871,27.628459
50,1.00,9000.04,27.498453,27.813806
50,1.25,99.95,46.051099,53.523109
50,1.25,199.99,47.172799,55.169596
50,1.25,300.74,47.446373,53.044416
50,1.25,400.03,45.728902,48.139698
50,1.25,500.48,45.707016,46.876274
50,1.25,600.19,46.052663,47.329215
50,1.25,700.05,45.983609,48.479990
50,1.25,800.60,45.258655,47.118603
50,1.25,900.57,44.996048,46.100194
50,1.25,1000.49,44.686087,45.023257
50,1.25,1100.11,44.684461,44.810944
50,1.25,1200.06,44.283372,44.211969
50,1.25,1301.75,44.398178,44.118409
50,1.25,1399.93,44.033492,43.258667
50,1.25,1499.97,43.941684,42.910817
50,1.25,1601.04,44.219949,43.702335
50,1.25,1701.44,44.413644,43.832358
50,1.25,1800.03,44.265708,43.852380
50,1.25,1900.40,43.892599,43.241754
50,1.25,2000.13,43.579198,42.581409
50,1.25,2100.26,43.793435,42.840093
50,1.25,2199.95,43.967208,42.912814
50,1.25,2300.52,44.142624,43.231601
50,1.25,2400.35,44.078792,43.097656
50,1.25,2500.14,44.210981,43.261681
50,1.25,2600.03,44.351605,43.696622
50,1.25,2700.05,44.298545,43.796496
50,1.25,2799.94,44.066589,43.414406
50,1.25,2900.04,44.067165,43.276890
50,1.25,3000.35,43.770118,43.015332
50,1.25,3101.12,43.759769,42.728118
50,1.25,3200.23,43.819668,42.740933
50,1.25,3300.15,43.809215,42.535115
50,1.25,3401.30,43.919861,42.730107
50,1.25,3500.54,44.038981,42.893787
50,1.25,3599.99,44.159753,43.129278
50,1.25,3700.39,44.272110,43.293906
50,1.25,3800.25,44.222769,43.102719
50,1.25,3900.38,44.197936,42.968270
50,1.25,4002.38,44.189787,42.969959
50,1.25,4099.97,44.276836,43.048074
50,1.25,4200.89,44.339156,43.017097
50,1.25,4301.40,44.368803,43.119695
50,1.25,4399.93,44.338125,42.951308
50,1.25,4499.99,44.364855,42.942855
50,1.25,4600.08,44.426746,43.115361
50,1.25,4700.84,44.412276,42.975508
50,1.25,4800.35,44.395228,42.931605
50,1.25,4900.24,44.471750,42.991191
50,1.25,5001.34,44.520939,43.185471
50,1.25,5100.05,44.526139,43.139383
50,1.25,5200.42,44.551448,43.088375
50,1.25,5300.03,44.561398,43.160964
50,1.25,5400.72,44.623827,43.228837
50,1.25,5500.39,44.673167,43.336809
50,1.25,5600.91,44.738448,43.570856
50,1.25,5700.39,44.790574,43.667506
50,1.25,5800.11,44.812183,43.646650
50,1.25,5900.01,44.830108,43.646577
50,1.25,6000.24,44.885208,43.671517
50,1.25,6100.64,44.852385,43.682683
50,1.25,6200.43,44.888819,43.797023
50,1.25,6300.59,44.836900,43.716943
50,1.25,6400.43,44.880535,43.795484
50,1.25,6500.43,44.902687,43.734925
50,1.25,6601.34,44.951119,43.870148
50,1.25,6700.65,44.989285,43.854731
50,1.25,6800.04,44.973774,43.751595
50,1.25,6900.65,44.946773,43.715561
50,1.25,7000.38,44.975702,43.734837
50,1.25,7101.05,45.012697,43.744011
50,1.25,7200.68,45.020865,43.861542
50,1.25,7300.03,45.071851,43.952131
50,1.25,7400.04,45.073894,44.021197
50,1.25,7500.00,45.076107,43.910997
50,1.25,7600.08,45.103841,43.930899
50,1.25,7700.95,45.133262,43.957148
50,1.25,7800.35,45.135544,43.882984
50,1.25,7900.52,45.164403,43.938238
50,1.25,8001.38,45.151923,43.919010
50,1.25,8100.46,45.175672,43.978328
50,1.25,8200.35,45.198925,43.967590
50,1.25,8300.82,45.231221,44.062434
50,1.25,8401.64,45.218514,43.955773
50,1.25,8500.42,45.204851,43.905423
50,1.25,8600.30,45.220134,43.939305
50,1.25,8700.74,45.233818,43.934760
50,1.25,8800.29,45.257118,44.022940
50,1.25,8900.60,45.291257,44.080853
50,1.25,9000.72,45.276995,44.109252
